uf;municipio;pop_2010;pop_2022;diferenca;crescimento_%
AM;Manaus;1802014;2063689;261675;14.52
DF;Brasília;2572159;2817381;245222;9.53
SP;São Paulo;11253503;11451999;198496;1.76
SP;Sorocaba;586816;723682;136866;23.32
GO;Goiânia;1301912;1437366;135454;10.4
RR;Boa Vista;284313;413486;129173;45.43
SC;Florianópolis;421240;537211;115971;27.53
PA;Parauapebas;153908;267836;113928;74.02
MS;Campo Grande;786774;898100;111326;14.15
PB;João Pessoa;723515;833932;110417;15.26
MG;Uberlândia;604013;713224;109211;18.08
ES;Serra;417330;520653;103323;24.76
SC;Joinville;515288;616317;101029;19.61
MT;Cuiabá;553202;650877;97675;17.66
SP;Ribeirão Preto;604682;698642;93960;15.54
PE;Petrolina;293962;386791;92829;31.58
SP;Praia Grande;262051;349935;87884;33.54
SC;Palhoça;137334;222598;85264;62.09
MT;Sinop;113099;196312;83213;73.58
MA;São José de Ribamar;161937;244579;82642;51.03
SC;Itajaí;183373;264054;80681;44.0
SP;Barueri;240749;316473;75724;31.45
TO;Palmas;228332;302692;74360;32.57
SP;Cotia;201150;274413;73263;36.42
SP;Jundiaí;370126;443221;73095;19.75
SP;Santo André;676407;748919;72512;10.72
SP;São José do Rio Preto;408258;480393;72135;17.67
GO;Aparecida de Goiânia;455735;527796;72061;15.81
SC;Chapecó;183548;254785;71237;38.81
GO;Senador Canedo;84433;155635;71202;84.33
RJ;Maricá;127397;197277;69880;54.85
SP;Guarulhos;1221979;1291771;69792;5.71
GO;Valparaíso de Goiás;131105;198861;67756;51.68
PR;Fazenda Rio Grande;81675;148873;67198;82.27
SP;São José dos Campos;629921;697054;67133;10.66
GO;Águas Lindas de Goiás;159386;225693;66307;41.6
PR;São José dos Pinhais;264210;329628;65418;24.76
BA;Vitória da Conquista;306014;370879;64865;21.2
GO;Anápolis;334623;398869;64246;19.2
SP;Mogi das Cruzes;387779;451505;63726;16.43
PE;Caruaru;314912;378048;63136;20.05
SP;Osasco;666740;728615;61875;9.28
PR;Cascavel;286177;348051;61874;21.62
SC;São José;209804;270299;60495;28.83
BA;Feira de Santana;556588;616272;59684;10.72
SP;Piracicaba;364571;423323;58752;16.12
BA;Camaçari;242970;300372;57402;23.63
SP;Campinas;1081862;1139047;57185;5.29
PR;Maringá;355432;409657;54225;15.26
SP;Indaiatuba;201619;255748;54129;26.85
ES;Vila Velha;414586;467722;53136;12.82
SC;Blumenau;308943;361261;52318;16.93
PA;Santarém;279805;331942;52137;18.63
MG;Montes Claros;362148;414240;52092;14.38
PI;Teresina;814230;866300;52070;6.39
RJ;Rio das Ostras;105680;156491;50811;48.08
PA;Canaã dos Carajás;26716;77079;50363;188.51
RN;Parnamirim;202456;252716;50260;24.83
PR;Londrina;506447;555965;49518;9.78
MT;Rondonópolis;195586;244911;49325;25.22
GO;Rio Verde;176424;225696;49272;27.93
MS;Dourados;195495;243367;47872;24.49
BA;Luís Eduardo Magalhães;60105;107909;47804;79.53
MT;Várzea Grande;252361;300078;47717;18.91
SP;Itaquaquecetuba;321770;369275;47505;14.76
PR;Ponta Grossa;311601;358371;46770;15.01
SP;Santana de Parnaíba;108813;154105;45292;41.62
SP;São Bernardo do Campo;765463;810729;45266;5.91
SP;Suzano;262480;307429;44949;17.12
AP;Macapá;398204;442933;44729;11.23
MT;Sorriso;66354;110635;44281;66.73
SP;Hortolândia;192692;236641;43949;22.81
MG;Uberaba;295988;337836;41848;14.14
BA;Porto Seguro;126581;168326;41745;32.98
PE;Paulista;300466;342167;41701;13.88
SC;Camboriú;62361;103074;40713;65.29
SP;Sumaré;239562;279545;39983;16.69
MA;Paço do Lumiar;105695;145643;39948;37.8
BA;Lauro de Freitas;163449;203331;39882;24.4
RJ;Macaé;206753;246391;39638;19.17
BA;Juazeiro;198241;237821;39580;19.97
SC;Jaraguá do Sul;143132;182660;39528;27.62
MT;Lucas do Rio Verde;45571;83798;38227;83.88
GO;Trindade;104496;142431;37935;36.3
GO;Goianira;34058;71916;37858;111.16
RN;Extremoz;24569;61635;37066;150.86
CE;Caucaia;319637;355679;36042;11.28
CE;Juazeiro do Norte;250095;286120;36025;14.4
RJ;Cabo Frio;186264;222161;35897;19.27
SC;Brusque;105503;141385;35882;34.01
GO;Cidade Ocidental;55915;91767;35852;64.12
SP;Bauru;343937;379146;35209;10.24
PB;Campina Grande;384737;419379;34642;9.0
GO;Luziânia;174530;209129;34599;19.82
SP;Caraguatatuba;100840;134873;34033;33.75
PR;Sarandi;84492;118455;33963;40.2
SP;Franca;318640;352536;33896;10.64
SP;Araraquara;208662;242228;33566;16.09
MT;Primavera do Leste;52051;85146;33095;63.58
MG;Ribeirão das Neves;296736;329794;33058;11.14
SP;São Carlos;221950;254857;32907;14.83
PA;Marabá;233669;266533;32864;14.06
MG;Betim;379138;411846;32708;8.63
PR;Araucária;119123;151666;32543;27.32
SP;Taubaté;278686;310739;32053;11.5
SP;Atibaia;126603;158647;32044;25.31
RO;Porto Velho;428527;460434;31907;7.45
MG;Nova Serrana;73699;105552;31853;43.22
SE;Aracaju;571149;602757;31608;5.53
SP;Itapevi;200769;232297;31528;15.7
SE;Nossa Senhora do Socorro;160827;192330;31503;19.59
PR;Toledo;119313;150470;31157;26.11
SC;Balneário Camboriú;108089;139155;31066;28.74
MG;Nova Lima;80998;111697;30699;37.9
CE;Itaitinga;34102;64650;30548;89.58
MS;Três Lagoas;101786;132152;30366;29.83
SC;Itapema;45797;75940;30143;65.82
SP;Bragança Paulista;146744;176811;30067;20.49
PR;Foz do Iguaçu;256088;285415;29327;11.45
SP;Jacareí;211214;240275;29061;13.76
SP;Taboão da Serra;244528;273542;29014;11.87
SP;Salto;105516;134319;28803;27.3
AC;Rio Branco;336038;364756;28718;8.55
SP;Cajamar;64114;92689;28575;44.57
SP;Paulínia;82146;110537;28391;34.56
CE;Eusébio;46033;74170;28137;61.12
GO;Caldas Novas;70487;98622;28135;39.92
RS;Caxias do Sul;435551;463501;27950;6.42
RN;São Gonçalo do Amarante;87962;115838;27876;31.69
GO;Catalão;86644;114427;27783;32.07
PA;Altamira;99075;126279;27204;27.46
PA;Barcarena;99859;126650;26791;26.83
SP;Americana;210638;237240;26602;12.63
MG;Esmeraldas;59696;85598;25902;43.39
SC;Navegantes;60556;86401;25845;42.68
PA;Itaituba;97493;123314;25821;26.48
PR;Piraquara;92962;118730;25768;27.72
SP;Itupeva;44859;70616;25757;57.42
ES;Linhares;141141;166786;25645;18.17
MA;Imperatriz;247505;273110;25605;10.35
SP;Itanhaém;87057;112476;25419;29.2
CE;Maracanaú;209098;234509;25411;12.15
AL;Maceió;932642;957916;25274;2.71
MG;Extrema;28599;53482;24883;87.01
MG;Vespasiano;104516;129246;24730;23.66
MG;Juiz de Fora;516247;540756;24509;4.75
MT;Nova Mutum;31649;55839;24190;76.43
PR;Campo Largo;112213;136327;24114;21.49
RS;Canoas;323827;347657;23830;7.36
GO;Planaltina;81559;105031;23472;28.78
AL;Rio Largo;70685;93927;23242;32.88
SC;Barra Velha;22386;45369;22983;102.67
MG;Lagoa Santa;52520;75145;22625;43.08
MA;São Luís;1015329;1037775;22446;2.21
MT;Tangará da Serra;84093;106434;22341;26.57
BA;Barreiras;137427;159734;22307;16.23
PB;Santa Rita;127676;149910;22234;17.41
SC;Criciúma;192305;214493;22188;11.54
PR;Curitiba;1751907;1773718;21811;1.24
MG;Pouso Alegre;130615;152217;21602;16.54
RS;Capão da Canoa;42040;63594;21554;51.27
RS;Lajeado;72216;93646;21430;29.67
RS;Passo Fundo;184826;206215;21389;11.57
AL;Arapiraca;213671;234696;21025;9.84
SP;Marília;216745;237627;20882;9.63
TO;Araguaína;150484;171301;20817;13.83
SC;Tijucas;30960;51592;20632;66.64
SC;Araquari;24810;45283;20473;82.52
AM;Iranduba;40781;61163;20382;49.98
SP;Itatiba;101471;121590;20119;19.83
MG;Patos de Minas;139206;159235;20029;14.39
RO;Vilhena;76202;95832;19630;25.76
SP;Valinhos;106793;126373;19580;18.33
CE;Horizonte;55187;74755;19568;35.46
CE;Barbalha;55523;75033;19510;35.14
RJ;Campos dos Goytacazes;464066;483540;19474;4.2
PR;Pato Branco;72370;91836;19466;26.9
ES;Guarapari;105286;124656;19370;18.4
SP;Votorantim;108618;127923;19305;17.77
PR;Colombo;212994;232212;19218;9.02
PA;Castanhal;173149;192256;19107;11.04
MA;Timon;155579;174465;18886;12.14
MG;Contagem;602986;621863;18877;3.13
SC;Biguaçu;58206;76773;18567;31.9
SP;Araçatuba;181579;200124;18545;10.21
RS;Bento Gonçalves;104659;123151;18492;17.67
SP;Pindamonhangaba;146995;165428;18433;12.54
PE;Cabo de Santo Agostinho;185025;203440;18415;9.95
MT;Campo Novo do Parecis;27573;45899;18326;66.46
PE;Ipojuca;80637;98932;18295;22.69
MA;Balsas;83528;101767;18239;21.84
MG;Divinópolis;213016;231091;18075;8.49
SP;Presidente Prudente;207610;225668;18058;8.7
MG;Araxá;93672;111691;18019;19.24
RS;Cachoeirinha;118278;136258;17980;15.2
SP;Botucatu;127328;145155;17827;14.0
PR;Francisco Beltrão;78943;96666;17723;22.45
GO;Jataí;88006;105729;17723;20.14
MG;Santana do Paraíso;27265;44800;17535;64.31
RJ;Araruama;112228;129671;17443;15.54
SP;Carapicuíba;369584;386984;17400;4.71
GO;Mineiros;52935;70081;17146;32.39
PA;Abaetetuba;141100;158188;17088;12.11
SP;Sertãozinho;110074;126887;16813;15.27
AM;Itacoatiara;86839;103598;16759;19.3
PA;Alenquer;52626;69377;16751;31.83
SE;São Cristóvão;78864;95612;16748;21.24
AM;Manacapuru;85141;101883;16742;19.66
SC;Indaial;54854;71549;16695;30.44
SP;Tatuí;107326;123942;16616;15.48
PR;Almirante Tamandaré;103217;119825;16608;16.09
SP;Bertioga;47645;64188;16543;34.72
SE;Barra dos Coqueiros;24976;41511;16535;66.2
MG;Santa Luzia;202601;219132;16531;8.16
SE;Itabaiana;86967;103440;16473;18.94
PI;Parnaíba;145705;162159;16454;11.29
PR;Umuarama;100670;117095;16425;16.32
SP;Mogi Guaçu;137245;153658;16413;11.96
SP;São Caetano do Sul;149263;165655;16392;10.98
RJ;São Pedro da Aldeia;87820;104029;16209;18.46
SC;Itapoá;14763;30750;15987;108.29
SP;Limeira;276022;291869;15847;5.74
GO;Formosa;100085;115901;15816;15.8
GO;Cristalina;46572;62337;15765;33.85
SP;Monte Mor;48949;64662;15713;32.1
SP;Mongaguá;46293;61951;15658;33.82
TO;Porto Nacional;49146;64418;15272;31.07
RJ;Saquarema;74293;89559;15266;20.55
SP;Rio Claro;186253;201418;15165;8.14
MG;Conselheiro Lafaiete;116512;131621;15109;12.97
GO;Itumbiara;92876;107970;15094;16.25
CE;Itapipoca;116076;131123;15047;12.96
SP;Jaguariúna;44311;59347;15036;33.93
PR;Arapongas;104150;119138;14988;14.39
RS;Santa Cruz do Sul;118374;133230;14856;12.55
SP;Louveira;37080;51847;14767;39.82
PA;Baião;36882;51641;14759;40.02
PR;Guarapuava;167414;182093;14679;8.77
SC;Gaspar;57990;72570;14580;25.14
ES;São Mateus;109193;123752;14559;13.33
AM;Tabatinga;52272;66764;14492;27.72
AL;Marechal Deodoro;46018;60370;14352;31.19
CE;Sobral;188677;203023;14346;7.6
SP;Ubatuba;78801;92981;14180;17.99
GO;Goianésia;59549;73707;14158;23.78
MS;Ponta Porã;77877;92017;14140;18.16
PA;Breves;92860;106968;14108;15.19
SP;Itu;154147;168240;14093;9.14
PA;Moju;70018;84094;14076;20.1
AM;São Gabriel da Cachoeira;37896;51795;13899;36.68
PR;Rolândia;57862;71670;13808;23.86
MT;Querência;13033;26769;13736;105.39
SP;Jarinu;23847;37535;13688;57.4
PA;Santa Izabel do Pará;59466;73019;13553;22.79
SP;Itapetininga;144377;157790;13413;9.29
MG;Varginha;123081;136467;13386;10.88
AC;Cruzeiro do Sul;78507;91888;13381;17.04
PA;Cametá;120896;134184;13288;10.99
AM;Humaitá;44227;57473;13246;29.95
SP;Franco da Rocha;131604;144849;13245;10.06
MT;Campo Verde;31348;44585;13237;42.23
MG;Sete Lagoas;214221;227397;13176;6.15
PE;Igarassu;102021;115196;13175;12.91
PE;Garanhuns;129408;142506;13098;10.12
RN;Macaíba;69173;82249;13076;18.9
SC;Concórdia;68625;81646;13021;18.97
PE;Serra Talhada;79232;92228;12996;16.4
ES;Aracruz;81832;94765;12933;15.8
MG;Pará de Minas;84215;97139;12924;15.35
SP;Mairiporã;80956;93853;12897;15.93
MT;Barra do Garças;56315;69210;12895;22.9
SP;Vinhedo;63656;76540;12884;20.24
SC;Tubarão;97249;110088;12839;13.2
RS;Tramandaí;41585;54387;12802;30.79
SP;Boituva;48314;61081;12767;26.43
SP;Bady Bassitt;14603;27260;12657;86.67
MG;Lavras;92200;104761;12561;13.62
PR;Medianeira;41817;54369;12552;30.02
BA;Eunápolis;101255;113710;12455;12.3
RJ;Armação dos Búzios;27560;40006;12446;45.16
CE;Tianguá;69083;81506;12423;17.98
SC;Imbituba;40170;52579;12409;30.89
PA;Xinguara;40573;52893;12320;30.37
MG;Ibirité;158224;170537;12313;7.78
MG;Manhuaçu;79574;91886;12312;15.47
PR;Campo Mourão;87177;99432;12255;14.06
GO;Abadia de Goiás;6891;19128;12237;177.58
AM;Tefé;61453;73669;12216;19.88
MG;Itaúna;85463;97669;12206;14.28
MS;Chapadão do Sul;18815;30993;12178;64.72
SP;Araras;118843;130866;12023;10.12
BA;Santo Antônio de Jesus;91057;103055;11998;13.18
SP;Votuporanga;84692;96634;11942;14.1
PA;Benevides;51651;63567;11916;23.07
AL;Satuba;12443;24278;11835;95.11
SC;Garopaba;18138;29959;11821;65.17
SP;Arujá;74905;86678;11773;15.72
PR;Mandaguaçu;19781;31457;11676;59.03
MA;Grajaú;62234;73872;11638;18.7
SC;Porto Belo;16083;27688;11605;72.16
SC;Guaramirim;35172;46711;11539;32.81
SP;Caçapava;84752;96202;11450;13.51
PA;Anapu;20543;31850;11307;55.04
MG;Poços de Caldas;152435;163742;11307;7.42
SC;Rio do Sul;61297;72587;11290;18.42
PA;Muaná;34204;45368;11164;32.64
PA;Tomé-Açu;56518;67585;11067;19.58
SC;Içara;47982;59035;11053;23.04
MG;Sarzedo;25814;36844;11030;42.73
MG;Igarapé;34851;45847;10996;31.55
RN;Ceará-Mirim;68141;79115;10974;16.1
SP;Ferraz de Vasconcelos;168306;179198;10892;6.47
MT;Sapezal;18089;28944;10855;60.01
SP;Nova Odessa;51242;62019;10777;21.03
SC;Bombinhas;14293;25058;10765;75.32
RJ;Casimiro de Abreu;35347;46110;10763;30.45
CE;São Gonçalo do Amarante;43393;54143;10750;24.77
RS;Santa Maria;261032;271735;10703;4.1
PE;Santa Cruz do Capibaribe;87582;98254;10672;12.19
SP;Francisco Morato;154472;165139;10667;6.91
SC;Araranguá;61292;71922;10630;17.34
MT;Pontes e Lacerda;41408;52018;10610;25.62
MA;Barreirinhas;55029;65589;10560;19.19
SP;Embu das Artes;240230;250691;10461;4.35
PR;Paranavaí;81590;92001;10411;12.76
SP;Barretos;112101;122485;10384;9.26
GO;Hidrolândia;17398;27742;10344;59.46
PA;Portel;52172;62503;10331;19.8
SP;Birigui;108728;118979;10251;9.43
PR;Cambé;96987;107208;10221;10.54
SP;Tremembé;40984;51173;10189;24.86
SC;São Francisco do Sul;42520;52674;10154;23.88
SC;Balneário Piçarras;17078;27127;10049;58.84
PA;Redenção;75556;85597;10041;13.29
PE;Gravatá;76476;86516;10040;13.13
PR;Paiçandu;35936;45962;10026;27.9
MG;Mateus Leme;27856;37841;9985;35.85
PR;Guaratuba;32095;42062;9967;31.05
MT;Confresa;25124;35075;9951;39.61
CE;Pacatuba;71581;81524;9943;13.89
PA;Jacareacanga;14103;24042;9939;70.47
PR;Marialva;31959;41851;9892;30.95
GO;Morrinhos;41465;51351;9886;23.84
SP;Avaré;82934;92805;9871;11.9
PA;Bragança;113227;123082;9855;8.7
RJ;Resende;119769;129612;9843;8.22
GO;Bela Vista de Goiás;24613;34445;9832;39.95
PR;Matinhos;29428;39259;9831;33.41
CE;Crato;121260;131050;9790;8.07
PR;Pinhais;117253;127019;9766;8.33
RS;Canela;39227;48946;9719;24.78
SP;Jandira;108344;118045;9701;8.95
RS;Erechim;96085;105705;9620;10.01
BA;Alagoinhas;141463;151055;9592;6.78
PR;Cianorte;69958;79527;9569;13.68
SP;Mirassol;53792;63337;9545;17.74
PA;Senador José Porfírio;13045;22576;9531;73.06
PR;Pontal do Paraná;20920;30425;9505;45.43
PE;Arcoverde;68253;77742;9489;13.9
MT;Alta Floresta;49142;58613;9471;19.27
AM;Autazes;32135;41564;9429;29.34
BA;Guanambi;78452;87817;9365;11.94
GO;Itaberaí;35374;44734;9360;26.46
RS;Gravataí;255723;265074;9351;3.66
SC;Timbó;36774;46099;9325;25.36
MG;Paracatu;84718;94023;9305;10.98
PR;Apucarana;120919;130134;9215;7.62
RS;Imbé;17670;26824;9154;51.81
CE;Pacajus;61838;70983;9145;14.79
MG;São Gotardo;31819;40910;9091;28.57
ES;Itapemirim;30768;39832;9064;29.46
MG;Unaí;77557;86619;9062;11.68
PR;Campina Grande do Sul;38769;47825;9056;23.36
PA;Brasil Novo;15690;24718;9028;57.54
PR;Marechal Cândido Rondon;46819;55836;9017;19.26
CE;Quixeramobim;73160;82177;9017;12.33
AM;Maués;52236;61204;8968;17.17
SP;São João da Boa Vista;83639;92547;8908;10.65
GO;Santo Antônio do Descoberto;63233;72127;8894;14.07
SC;Forquilhinha;22548;31431;8883;39.4
RR;Pacaraima;10433;19305;8872;85.04
MG;São Joaquim de Bicas;25537;34348;8811;34.5
GO;Novo Gama;94996;103804;8808;9.27
AM;Boa Vista do Ramos;14979;23785;8806;58.79
MA;Turilândia;22846;31638;8792;38.48
RS;Marau;36364;45124;8760;24.09
PA;Mojuí dos Campos;14775;23501;8726;59.06
SE;Nossa Senhora da Glória;32497;41212;8715;26.82
PR;Dois Vizinhos;36179;44869;8690;24.02
SP;Várzea Paulista;107089;115771;8682;8.11
PI;Picos;74435;83090;8655;11.63
PI;Altos;38822;47453;8631;22.23
CE;Jijoca de Jericoacoara;16958;25555;8597;50.7
SP;Peruíbe;59773;68352;8579;14.35
PB;Cabedelo;57944;66519;8575;14.8
MG;Juatuba;22170;30716;8546;38.55
MS;Costa Rica;17507;26037;8530;48.72
SC;Penha;25141;33663;8522;33.9
GO;Palmeiras de Goiás;23339;31858;8519;36.5
PA;Novo Progresso;25124;33638;8514;33.89
SP;Caieiras;86529;95032;8503;9.83
ES;Colatina;111537;120033;8496;7.62
SC;São Bento do Sul;74796;83277;8481;11.34
ES;Viana;65001;73423;8422;12.96
BA;Irecê;66117;74507;8390;12.69
RS;Santa Rosa;68587;76963;8376;12.21
TO;Gurupi;76755;85125;8370;10.9
RR;Rorainópolis;24279;32647;8368;34.47
MT;Água Boa;20856;29219;8363;40.1
PE;São Lourenço da Mata;102889;111249;8360;8.13
RO;Cacoal;78574;86887;8313;10.58
SC;Lages;156727;164981;8254;5.27
SC;Videira;47228;55466;8238;17.44
SP;Iperó;28300;36459;8159;28.83
RN;Nísia Floresta;23784;31942;8158;34.3
CE;Acaraú;57190;65264;8074;14.12
MA;Chapadinha;73350;81386;8036;10.96
PA;Bagre;23864;31892;8028;33.64
SC;São Miguel do Oeste;36306;44330;8024;22.1
MG;Araguari;109801;117808;8007;7.29
CE;Aquiraz;72652;80645;7993;11.0
TO;Paraíso do Tocantins;44417;52360;7943;17.88
MG;Itabirito;45452;53365;7913;17.41
RJ;Nova Friburgo;182057;189939;7882;4.33
AC;Tarauacá;35590;43467;7877;22.13
RS;Gramado;32290;40134;7844;24.29
ES;Marataízes;34140;41929;7789;22.81
AM;Lábrea;37701;45448;7747;20.55
PA;Paragominas;97819;105550;7731;7.9
RO;Ji-Paraná;116610;124333;7723;6.62
GO;Nerópolis;24213;31932;7719;31.88
RJ;Paraty;37533;45243;7710;20.54
SP;São Sebastião;73942;81595;7653;10.35
SP;Jardinópolis;37661;45282;7621;20.24
SP;Porto Feliz;48893;56497;7604;15.55
GO;Cocalzinho de Goiás;17414;25016;7602;43.65
BA;Prado;27413;35003;7590;27.69
RN;São José de Mipibu;39698;47286;7588;19.11
BA;Jequié;151301;158813;7512;4.96
SC;Xanxerê;44128;51607;7479;16.95
MS;Maracaju;37594;45047;7453;19.82
SC;Santo Amaro da Imperatriz;19823;27272;7449;37.58
ES;Santa Maria de Jetibá;34197;41636;7439;21.75
SC;Balneário Gaivota;8234;15669;7435;90.3
SP;Vargem Grande Paulista;42997;50415;7418;17.25
MS;São Gabriel do Oeste;22162;29579;7417;33.47
MG;Patrocínio;82471;89826;7355;8.92
PA;Salinópolis;37421;44772;7351;19.64
GO;Padre Bernardo;27661;34967;7306;26.41
SP;Artur Nogueira;44177;51456;7279;16.48
AM;Jutaí;17992;25172;7180;39.91
PR;Itaperuçu;24044;31217;7173;29.83
MG;Mariana;54219;61387;7168;13.22
PA;Dom Eliseu;51319;58484;7165;13.96
SP;Diadema;386089;393237;7148;1.85
BA;Casa Nova;64940;72086;7146;11.0
RJ;Seropédica;73463;80596;7133;9.71
MT;Canarana;18754;25858;7104;37.88
RS;Torres;34656;41751;7095;20.47
MT;Paranatinga;19339;26423;7084;36.63
PE;Belo Jardim;72432;79507;7075;9.77
CE;Trairi;51422;58415;6993;13.6
AP;Oiapoque;20509;27482;6973;34.0
PA;Curuçá;34294;41262;6968;20.32
PR;Rio Branco do Sul;30617;37558;6941;22.67
MS;Rio Brilhante;30663;37601;6938;22.63
AM;Manicoré;47017;53914;6897;14.67
BA;Teixeira de Freitas;138341;145216;6875;4.97
SP;Ibitinga;53158;60033;6875;12.93
CE;Cascavel;65897;72720;6823;10.35
MG;São Sebastião do Paraíso;64980;71796;6816;10.49
SP;Mairinque;43223;50027;6804;15.74
PA;Ananindeua;471980;478778;6798;1.44
CE;Cruz;22983;29761;6778;29.49
PA;Capanema;63639;70394;6755;10.61
PA;Igarapé-Miri;58077;64831;6754;11.63
SP;Ilhabela;28196;34934;6738;23.9
SE;Lagarto;94861;101579;6718;7.08
CE;Paracuru;32310;38980;6670;20.64
MG;Curvelo;74004;80665;6661;9.0
PE;Araripina;78429;85088;6659;8.49
PA;Porto de Moz;33956;40597;6641;19.56
RS;Farroupilha;63675;70286;6611;10.38
PI;São Raimundo Nonato;32327;38934;6607;20.44
MT;Juína;39267;45869;6602;16.81
SP;São Pedro;31662;38256;6594;20.83
MG;João Monlevade;73610;80187;6577;8.93
PE;Itaíba;26122;32650;6528;24.99
BA;São Gonçalo dos Campos;32990;39513;6523;19.77
SC;Pomerode;27778;34289;6511;23.44
SP;Fernandópolis;64696;71186;6490;10.03
RS;Osório;40907;47396;6489;15.86
SC;Balneário Barra do Sul;8430;14912;6482;76.89
RO;Ariquemes;90353;96833;6480;7.17
RJ;Itaboraí;217790;224267;6477;2.97
MA;Pinheiro;78162;84621;6459;8.26
PA;Mãe do Rio;27904;34353;6449;23.11
BA;Conceição do Coité;61378;67825;6447;10.5
SC;São João Batista;26260;32687;6427;24.47
SP;Leme;91756;98161;6405;6.98
AP;Santana;101262;107618;6356;6.28
PR;Palotina;28683;35011;6328;22.06
RS;Nova Santa Rita;22716;29024;6308;27.77
PB;Queimadas;41361;47658;6297;15.22
MG;São José da Lapa;19799;26090;6291;31.77
SC;Passo de Torres;6627;12897;6270;94.61
SP;Assis;95144;101409;6265;6.58
SC;Balneário Arroio do Silva;9586;15820;6234;65.03
PA;Prainha;29349;35577;6228;21.22
SC;Xaxim;25713;31918;6205;24.13
PB;Conde;21400;27605;6205;29.0
PA;Rondon do Pará;46964;53143;6179;13.16
PI;Bom Jesus;22629;28796;6167;27.25
SC;Maravilha;22116;28251;6135;27.74
SC;Guabiruba;18430;24543;6113;33.17
MG;Bom Despacho;45624;51737;6113;13.4
AM;Urucurituba;17837;23945;6108;34.24
ES;Anchieta;23902;29984;6082;25.45
PE;Vitória de Santo Antão;128017;134084;6067;4.74
SP;Mogi Mirim;86505;92558;6053;7.0
BA;Brumado;64493;70510;6017;9.33
PR;Castro;67084;73075;5991;8.93
BA;Nordestina;12541;18523;5982;47.7
SP;Guaratinguetá;112072;118044;5972;5.33
MT;Aripuanã;18656;24626;5970;32.0
CE;Aracati;69177;75113;5936;8.58
MT;Matupá;14174;20091;5917;41.75
SP;Itapecerica da Serra;152614;158522;5908;3.87
CE;Brejo Santo;45189;51090;5901;13.06
PE;Manari;17887;23763;5876;32.85
GO;Chapadão do Céu;7001;12870;5869;83.83
RS;Ijuí;78915;84780;5865;7.43
PA;Tucumã;33690;39550;5860;17.39
PE;Goiana;75231;81055;5824;7.74
RO;Rolim de Moura;50648;56406;5758;11.37
MG;São João del Rei;84469;90225;5756;6.81
PE;Salgueiro;56629;62372;5743;10.14
SP;Registro;54261;59947;5686;10.48
MA;São Bento;40736;46395;5659;13.89
MG;Passos;106290;111939;5649;5.31
SC;Pinhalzinho;16346;21972;5626;34.42
MT;Poxoréu;17659;23283;5624;31.85
GO;Uruaçu;36937;42546;5609;15.19
PE;Surubim;58515;64120;5605;9.58
PE;Inajá;20007;25603;5596;27.97
PE;Toritama;35554;41137;5583;15.7
GO;Guapó;13976;19545;5569;39.85
SP;Santa Fé do Sul;29239;34794;5555;19.0
RN;Tibau do Sul;11385;16929;5544;48.7
RS;Teutônia;27272;32797;5525;20.26
CE;Itarema;37453;42957;5504;14.7
PA;Oriximiná;62794;68294;5500;8.76
MS;Ivinhema;22341;27821;5480;24.53
PI;José de Freitas;37085;42559;5474;14.76
RS;Panambi;38044;43515;5471;14.38
PA;Acará;53569;59023;5454;10.18
MG;Lagoa da Prata;45984;51412;5428;11.8
SP;Cabreúva;41604;47011;5407;13.0
SP;Guararema;25844;31236;5392;20.86
CE;Tauá;55849;61227;5378;9.63
RR;Uiramutã;8375;13751;5376;64.19
MS;Nova Alvorada do Sul;16450;21822;5372;32.66
MS;Aparecida do Taboado;22307;27674;5367;24.06
PR;Paranaguá;140469;145829;5360;3.82
PR;Palmas;42888;48247;5359;12.5
PA;Curralinho;28549;33903;5354;18.75
RS;Estância Velha;42574;47924;5350;12.57
BA;Serrinha;75095;80435;5340;7.11
MG;Conceição das Alagoas;23043;28381;5338;23.17
SP;Capela do Alto;17532;22866;5334;30.42
PR;Campo Magro;24843;30160;5317;21.4
RS;Tapejara;19250;24557;5307;27.57
PE;Paudalho;51361;56665;5304;10.33
MG;Conceição do Mato Dentro;17905;23163;5258;29.37
RS;Carlos Barbosa;25162;30420;5258;20.9
PA;Oeiras do Pará;28595;33844;5249;18.36
AM;Beruri;15486;20718;5232;33.79
GO;Quirinópolis;43221;48447;5226;12.09
PR;Mandirituba;22220;27439;5219;23.49
RS;Eldorado do Sul;34343;39559;5216;15.19
MG;Alfenas;73774;78970;5196;7.04
BA;Conceição do Jacuípe;30112;35308;5196;17.26
RJ;Itaperuna;95867;101041;5174;5.4
PR;Telêmaco Borba;69872;75042;5170;7.4
PE;Afogados da Ingazeira;35088;40241;5153;14.69
MG;Capelinha;34477;39626;5149;14.93
SP;Araçoiaba da Serra;27299;32443;5144;18.84
BA;Capim Grosso;28093;33235;5142;18.3
SC;Balneário Rincão;10851;15981;5130;47.28
SC;Presidente Getúlio;14883;20010;5127;34.45
MG;Frutal;53468;58588;5120;9.58
PA;Ourilândia do Norte;27359;32467;5108;18.67
TO;Lagoa da Confusão;10210;15288;5078;49.74
SP;Cerquilho;39617;44695;5078;12.82
SP;Lençóis Paulista;61428;66505;5077;8.26
RJ;Iguaba Grande;22848;27920;5072;22.2
CE;Pindoretama;18334;23391;5057;27.58
PI;Uruçuí;20149;25203;5054;25.08
SP;Olímpia;50024;55074;5050;10.1
RR;Normandia;8940;13986;5046;56.44
MG;Ituiutaba;97171;102217;5046;5.19
BA;Dias d'Ávila;66440;71485;5045;7.59
SP;Serrana;38878;43909;5031;12.94
MG;Camanducaia;21080;26097;5017;23.8
MS;Sidrolândia;42114;47118;5004;11.88
BA;Vera Cruz;37567;42529;4962;13.21
MG;Brumadinho;33973;38915;4942;14.55
RS;Montenegro;59415;64322;4907;8.26
AP;Mazagão;17032;21924;4892;28.72
PB;Cajazeiras;58365;63239;4874;8.35
BA;São Desidério;27976;32828;4852;17.34
MS;Caarapó;25770;30612;4842;18.79
BA;Maraú;19689;24527;4838;24.57
BA;Jacobina;77758;82590;4832;6.21
MG;Arcos;36597;41416;4819;13.17
AM;Boca do Acre;30632;35447;4815;15.72
RR;Cantá;13902;18682;4780;34.38
PR;Santo Antônio do Sudoeste;18893;23673;4780;25.3
RN;Mossoró;259815;264577;4762;1.83
CE;Viçosa do Ceará;54955;59712;4757;8.66
SC;Braço do Norte;29019;33773;4754;16.38
ES;Cariacica;348738;353491;4753;1.36
SC;Schroeder;15316;20061;4745;30.98
BA;Macarani;16880;21599;4719;27.96
BA;Euclides da Cunha;56739;61456;4717;8.31
SC;Ilhota;12355;17046;4691;37.97
MT;Nova Xavantina;19657;24345;4688;23.85
RR;Alto Alegre;16448;21096;4648;28.26
SP;Cedral;7972;12618;4646;58.28
PA;Capitão Poço;51893;56506;4613;8.89
RJ;Mangaratiba;36610;41220;4610;12.59
AC;Brasiléia;21398;26000;4602;21.51
RR;Amajari;9327;13927;4600;49.32
MS;Amambai;34730;39325;4595;13.23
BA;Paulo Afonso;108308;112870;4562;4.21
BA;Santo Estêvão;47726;52276;4550;9.53
PA;Monte Alegre;55462;60012;4550;8.2
PA;Limoeiro do Ajuru;25021;29569;4548;18.18
MG;Ouro Preto;70281;74821;4540;6.46
PR;Floresta;5931;10458;4527;76.33
MA;Raposa;26369;30839;4470;16.95
SP;Andradina;55334;59783;4449;8.04
AC;Bujari;8471;12917;4446;52.48
SP;Araçariguama;17080;21522;4442;26.01
PE;Carpina;74858;79293;4435;5.92
GO;Iporá;31278;35684;4406;14.09
RS;Cidreira;12668;17071;4403;34.76
MG;Santa Juliana;11337;15734;4397;38.78
SP;Ilha Comprida;9025;13419;4394;48.69
MG;Cláudio;25771;30159;4388;17.03
SP;Ibiúna;71217;75605;4388;6.16
CE;Limoeiro do Norte;55180;59560;4380;7.94
MG;Congonhas;48519;52890;4371;9.01
PR;Siqueira Campos;18454;22811;4357;23.61
PI;Floriano;57690;62036;4346;7.53
PR;Quatro Barras;19851;24191;4340;21.86
BA;Seabra;41821;46160;4339;10.38
PR;Cafelândia;14662;18997;4335;29.57
BA;Campo Formoso;67059;71377;4318;6.44
SC;Ituporanga;22226;26525;4299;19.34
RS;Nova Petrópolis;19040;23300;4260;22.37
RN;Goianinha;22481;26741;4260;18.95
ES;Jaguaré;24678;28931;4253;17.23
AM;Benjamin Constant;33411;37648;4237;12.68
MG;Viçosa;72220;76430;4210;5.83
SP;Embu-Guaçu;62769;66970;4201;6.69
ES;Piúma;18110;22300;4190;23.14
MG;Piumhi;31883;36062;4179;13.11
RJ;São João da Barra;32412;36573;4161;12.84
MA;Bacabal;99557;103711;4154;4.17
PR;Carambeí;19163;23283;4120;21.5
SC;Campos Novos;32819;36932;4113;12.53
RS;Balneário Pinhal;10856;14955;4099;37.76
SP;Brodowski;21107;25201;4094;19.4
AC;Mâncio Lima;15206;19294;4088;26.88
PA;Augusto Corrêa;40497;44573;4076;10.06
PR;Mandaguari;32658;36716;4058;12.43
MG;Jaíba;33602;37660;4058;12.08
MS;Bonito;19605;23659;4054;20.68
PE;Abreu e Lima;94425;98462;4037;4.28
MS;Naviraí;46424;50457;4033;8.69
RS;Xangri-lá;12434;16463;4029;32.4
MG;Itapeva;8664;12692;4028;46.49
BA;São Francisco do Conde;34707;38733;4026;11.6
CE;Beberibe;49095;53114;4019;8.19
AC;Manoel Urbano;7981;11996;4015;50.31
SE;Simão Dias;38581;42578;3997;10.36
MT;Tapurah;10377;14370;3993;38.48
SE;Itaporanga d'Ajuda;30419;34411;3992;13.12
PE;Itapissuma;23769;27749;3980;16.74
MA;Santa Rita;33078;37035;3957;11.96
GO;Inhumas;48257;52204;3947;8.18
PA;Santa Bárbara do Pará;17141;21087;3946;23.02
PA;Salvaterra;20183;24129;3946;19.55
SP;Cerqueira César;17532;21469;3937;22.46
SC;Governador Celso Ramos;12999;16915;3916;30.13
MG;Janaúba;66803;70699;3896;5.83
MG;Urucuia;13604;17479;3875;28.48
SP;José Bonifácio;32763;36633;3870;11.81
MA;Cantanhede;20448;24303;3855;18.85
BA;Barra da Estiva;22173;26026;3853;17.38
SP;Engenheiro Coelho;15721;19566;3845;24.46
PE;Custódia;33855;37699;3844;11.35
SP;Guapiaçu;17869;21711;3842;21.5
MG;Pedro Leopoldo;58740;62580;3840;6.54
MG;Iturama;34456;38295;3839;11.14
MS;Água Clara;12902;16741;3839;29.76
GO;São Luís de Montes Belos;30033;33852;3819;12.72
PA;Juruti;47086;50881;3795;8.06
SP;Holambra;11299;15094;3795;33.59
GO;São João d'Aliança;10257;14041;3784;36.89
RS;Frederico Westphalen;28843;32627;3784;13.12
SC;Garuva;14761;18545;3784;25.64
RJ;Porto Real;16592;20373;3781;22.79
PR;Assis Chateaubriand;33037;36808;3771;11.41
BA;Cansanção;33668;37439;3771;11.2
SC;Antônio Carlos;7458;11224;3766;50.5
RS;Flores da Cunha;27139;30892;3753;13.83
SC;Guatambú;4679;8425;3746;80.06
SP;Álvares Machado;23513;27255;3742;15.91
PE;Vertentes;18222;21959;3737;20.51
BA;Itacaré;23971;27704;3733;15.57
AM;Santo Antônio do Içá;24481;28211;3730;15.24
RJ;São Francisco de Itabapoana;41354;45059;3705;8.96
PI;Piripiri;61834;65538;3704;5.99
AM;Barreirinha;27355;31051;3696;13.51
BA;Ibicoara;17099;20785;3686;21.56
GO;Pirenópolis;23008;26690;3682;16.0
PB;Alhandra;18055;21730;3675;20.35
MT;Campos de Júlio;5154;8822;3668;71.17
RS;Araricá;4864;8525;3661;75.27
MG;Matozinhos;33958;37618;3660;10.78
AC;Epitaciolândia;15100;18757;3657;24.22
RS;Garibaldi;30679;34335;3656;11.92
MA;Matões do Norte;13794;17432;3638;26.37
SP;Salto de Pirapora;40132;43748;3616;9.01
GO;Pires do Rio;28761;32373;3612;12.56
PE;Ferreiros;11418;15026;3608;31.6
SP;Barrinha;28496;32092;3596;12.62
CE;Crateús;72817;76390;3573;4.91
PA;Cumaru do Norte;10466;14036;3570;34.11
ES;Domingos Martins;31847;35416;3569;11.21
MG;Itabira;109783;113343;3560;3.24
CE;Quixadá;80608;84168;3560;4.42
SP;Campo Limpo Paulista;74074;77632;3558;4.8
MA;Turiaçu;33933;37491;3558;10.49
PA;Marituba;108246;111785;3539;3.27
PA;Cachoeira do Arari;20443;23981;3538;17.31
GO;Aragoiânia;8365;11890;3525;42.14
SP;Cesário Lange;15540;19048;3508;22.57
SP;Serra Negra;26387;29894;3507;13.29
CE;Guaraciaba do Norte;38548;42053;3505;9.09
AM;Presidente Figueiredo;27175;30668;3493;12.85
RJ;Arraial do Cabo;27496;30986;3490;12.69
SP;Itapira;68537;72022;3485;5.08
MA;Santa Helena;38078;41561;3483;9.15
GO;Posse;31432;34914;3482;11.08
BA;Coração de Maria;23213;26692;3479;14.99
PE;Brejo da Madre de Deus;45180;48648;3468;7.68
MG;Carmo do Cajuru;20012;23479;3467;17.32
PI;União;42654;46119;3465;8.12
SP;Pirassununga;70081;73545;3464;4.94
MG;Ouro Branco;35268;38724;3456;9.8
PR;Cruzeiro do Oeste;20384;23831;3447;16.91
SP;Socorro;36686;40122;3436;9.37
SP;Cordeirópolis;21080;24514;3434;16.29
MA;Urbano Santos;29386;32812;3426;11.66
AL;Maragogi;28749;32174;3425;11.91
PR;Santa Terezinha de Itaipu;20841;24262;3421;16.41
GO;Alto Paraíso de Goiás;6885;10306;3421;49.69
BA;Formosa do Rio Preto;22490;25899;3409;15.16
PR;Ibiporã;48198;51603;3405;7.06
TO;Colinas do Tocantins;30838;34233;3395;11.01
BA;Itaberaba;61681;65073;3392;5.5
ES;Venda Nova do Imigrante;20447;23831;3384;16.55
ES;Marechal Floriano;14262;17641;3379;23.69
SC;Sombrio;26613;29991;3378;12.69
GO;Indiara;13690;17061;3371;24.62
BA;Santa Cruz Cabrália;25827;29185;3358;13.0
MG;Perdigão;8912;12268;3356;37.66
PR;São Miguel do Iguaçu;25769;29122;3353;13.01
SP;Lins;71432;74779;3347;4.69
MG;Muriaé;100765;104108;3343;3.32
MG;Engenheiro Caldas;10280;13622;3342;32.51
GO;Jaraguá;41883;45223;3340;7.97
SP;Santa Bárbara d'Oeste;180009;183347;3338;1.85
SP;Pederneiras;41497;44827;3330;8.02
BA;Presidente Tancredo Neves;24409;27734;3325;13.62
RS;São Leopoldo;214087;217409;3322;1.55
RS;Arroio do Sal;7740;11057;3317;42.86
AC;Sena Madureira;38029;41343;3314;8.71
PE;Camaragibe;144466;147771;3305;2.29
RR;Mucajaí;14792;18095;3303;22.33
MG;Andradas;37270;40553;3283;8.81
MG;Jaboticatubas;17134;20406;3272;19.1
RN;Açu;53227;56496;3269;6.14
PA;Anajás;24759;28011;3252;13.13
PR;Contenda;15891;19128;3237;20.37
GO;Bom Jesus de Goiás;20727;23958;3231;15.59
RS;Santo Antônio da Patrulha;39722;42947;3225;8.12
RJ;Paty do Alferes;26416;29619;3203;12.13
PI;Esperantina;37767;40970;3203;8.48
RS;Portão;30868;34071;3203;10.38
PR;Carlópolis;13706;16905;3199;23.34
GO;Alexânia;23814;27008;3194;13.41
PR;Vitorino;6513;9706;3193;49.03
MS;Bataguassu;19839;23031;3192;16.09
PR;Ubiratã;21558;24749;3191;14.8
PE;Trindade;27142;30321;3179;11.71
RS;Arroio do Meio;18783;21958;3175;16.9
AM;Canutama;13695;16869;3174;23.18
GO;Goiatuba;32493;35664;3171;9.76
SP;Penápolis;58510;61679;3169;5.42
BA;Sobradinho;22310;25475;3165;14.19
SP;Agudos;34524;37680;3156;9.14
RJ;Itaguaí;113691;116841;3150;2.77
ES;Presidente Kennedy;10547;13696;3149;29.86
MG;São Lourenço;41657;44798;3141;7.54
RS;Dois Irmãos;27572;30709;3137;11.38
ES;Vitória;319738;322869;3131;0.98
SC;Joaçaba;27020;30146;3126;11.57
MG;Formiga;65128;68248;3120;4.79
AM;Silves;8444;11559;3115;36.89
RS;Ivoti;19874;22983;3109;15.64
BA;Caetité;48913;52012;3099;6.34
PI;Barras;44850;47938;3088;6.89
SC;Jaguaruna;17290;20375;3085;17.84
PR;Tijucas do Sul;14537;17621;3084;21.21
PI;Demerval Lobão;13278;16352;3074;23.15
PA;Melgaço;24808;27881;3073;12.39
SC;São Lourenço do Oeste;21725;24791;3066;14.11
SP;Valentim Gentil;11036;14098;3062;27.75
AM;Fonte Boa;22817;25871;3054;13.38
MG;Cambuí;26488;29536;3048;11.51
SP;Potirendaba;15449;18496;3047;19.72
PR;Irati;56207;59250;3043;5.41
CE;Icapuí;18392;21433;3041;16.53
MG;Itatiaiuçu;9928;12966;3038;30.6
SP;Piratininga;12072;15108;3036;25.15
GO;Silvânia;19210;22245;3035;15.8
ES;Nova Venécia;46031;49065;3034;6.59
PE;Bezerros;58668;61694;3026;5.16
ES;Ibatiba;22366;25380;3014;13.48
AC;Feijó;32412;35426;3014;9.3
MG;São Sebastião do Oeste;5805;8815;3010;51.85
BA;Santaluz;34833;37834;3001;8.62
MG;Sabará;126384;129380;2996;2.37
MS;Nova Andradina;45578;48563;2985;6.55
CE;Amontada;39172;42156;2984;7.62
RR;Bonfim;10943;13923;2980;27.23
SP;Catanduva;112820;115791;2971;2.63
AM;Carauari;25774;28742;2968;11.52
MT;São Félix do Araguaia;10655;13621;2966;27.84
SC;Caçador;70762;73720;2958;4.18
PE;Lajedo;36628;39582;2954;8.06
PA;Vigia;47889;50832;2943;6.15
CE;Missão Velha;33898;36822;2924;8.63
BA;Maracás;24701;27620;2919;11.82
AL;Delmiro Gouveia;48399;51318;2919;6.03
PR;Realeza;16338;19247;2909;17.81
AM;Itamarati;8038;10937;2899;36.07
RO;Nova Mamoré;22546;25444;2898;12.85
PR;Jaguapitã;12225;15122;2897;23.7
PA;Óbidos;49333;52229;2896;5.87
RJ;Volta Redonda;258669;261563;2894;1.12
RN;Guamaré;12404;15295;2891;23.31
MG;Monte Sião;21203;24089;2886;13.61
MG;Santa Rita do Sapucaí;37754;40635;2881;7.63
SP;Conchal;25229;28101;2872;11.38
AC;Marechal Thaumaturgo;14227;17093;2866;20.14
SE;Tobias Barreto;48040;50905;2865;5.96
GO;Goianápolis;11104;13967;2863;25.78
RS;Nova Prata;22830;25692;2862;12.54
RS;Vacaria;61342;64197;2855;4.65
PE;Tamandaré;20715;23561;2846;13.74
PR;Santa Tereza do Oeste;10332;13174;2842;27.51
MG;João Pinheiro;43962;46801;2839;6.46
MG;Santa Vitória;18138;20973;2835;15.63
MT;Alto Taquari;8072;10904;2832;35.08
BA;Serra do Ramalho;31391;34222;2831;9.02
CE;Iguatu;95243;98064;2821;2.96
RS;Venâncio Aires;65953;68763;2810;4.26
RN;Serra do Mel;10287;13091;2804;27.26
BA;Bom Jesus da Lapa;62771;65550;2779;4.43
MG;Sacramento;23896;26670;2774;11.61
RJ;Bom Jardim;25333;28102;2769;10.93
CE;São Benedito;44875;47640;2765;6.16
GO;Bonfinópolis;7531;10296;2765;36.71
PI;Baixa Grande do Ribeiro;10516;13272;2756;26.21
MG;Jacutinga;22772;25525;2753;12.09
MG;Perdizes;14404;17151;2747;19.07
PR;Imbaú;11503;14249;2746;23.87
TO;São Miguel do Tocantins;10497;13241;2744;26.14
PA;São Sebastião da Boa Vista;22904;25643;2739;11.96
RN;Pau dos Ferros;27745;30479;2734;9.85
RN;Baraúna;24182;26913;2731;11.29
RS;Vera Cruz;23983;26710;2727;11.37
PR;Sabáudia;6096;8822;2726;44.72
BA;Ibirapitanga;22618;25344;2726;12.05
PA;Gurupá;29062;31786;2724;9.37
PA;Afuá;35042;37765;2723;7.77
SP;Santa Isabel;50453;53174;2721;5.39
BA;Ourolândia;16522;19243;2721;16.47
MG;Três Corações;72765;75485;2720;3.74
MS;Itaporã;21418;24137;2719;12.69
BA;Ribeira do Pombal;51293;54010;2717;5.3
MG;Mário Campos;13192;15900;2708;20.53
RS;Serafina Corrêa;14253;16961;2708;19.0
PA;Bom Jesus do Tocantins;15298;18005;2707;17.7
BA;Alcobaça;21823;24530;2707;12.4
MT;Alto Garças;10345;13052;2707;26.17
MT;Ipiranga do Norte;5113;7815;2702;52.85
MT;Jaciara;25882;28569;2687;10.38
GO;Santo Antônio de Goiás;4703;7386;2683;57.05
RS;Sapiranga;72968;75648;2680;3.67
PB;Mamanguape;41920;44599;2679;6.39
MG;Teófilo Otoni;134745;137418;2673;1.98
MA;Buriti;27013;29685;2672;9.89
ES;Sooretama;23843;26502;2659;11.15
PE;Ilha de Itamaracá;21884;24540;2656;12.14
BA;Campo Alegre de Lourdes;28021;30671;2650;9.46
MG;Rio Paranaíba;11885;14532;2647;22.27
AC;Jordão;6577;9222;2645;40.22
AM;Apuí;18007;20647;2640;14.66
SP;Pirapora do Bom Jesus;15733;18370;2637;16.76
SC;Lontras;10244;12873;2629;25.66
GO;Itapaci;18458;21087;2629;14.24
AL;Craíbas;22785;25397;2612;11.46
BA;Wenceslau Guimarães;21867;24474;2607;11.92
RJ;Belford Roxo;480487;483087;2600;0.54
SP;Santo Antônio de Posse;20650;23244;2594;12.56
PR;Morretes;15718;18309;2591;16.48
RN;Touros;30472;33035;2563;8.41
RJ;Queimados;137962;140523;2561;1.86
RR;Caracaraí;18398;20957;2559;13.91
CE;Forquilha;21614;24173;2559;11.84
SE;Poço Redondo;30888;33439;2551;8.26
SC;Ibirama;17315;19862;2547;14.71
SC;Capinzal;20769;23314;2545;12.25
RR;Caroebe;8114;10656;2542;31.33
AM;Uarini;11891;14431;2540;21.36
MG;Prata;25802;28342;2540;9.84
MG;Barão de Cocais;28241;30778;2537;8.98
MA;Paulino Neves;14519;17056;2537;17.47
RJ;Cachoeiras de Macacu;54408;56943;2535;4.66
PR;Jaguariaíva;32606;35141;2535;7.77
RO;Candeias do Jamari;19779;22310;2531;12.8
PE;São João;21312;23837;2525;11.85
SP;Santa Cruz do Rio Pardo;43921;46442;2521;5.74
PI;Oeiras;35640;38161;2521;7.07
CE;Russas;70408;72928;2520;3.58
TO;Pedro Afonso;11539;14055;2516;21.8
MA;Governador Edison Lobão;15895;18411;2516;15.83
PE;Tupanatinga;24425;26937;2512;10.28
SC;São Ludgero;10998;13509;2511;22.83
CE;Massapê;35190;37697;2507;7.12
AM;Eirunepé;30665;33170;2505;8.17
CE;Fortim;14791;17294;2503;16.92
MA;Açailândia;104047;106550;2503;2.41
AM;Caapiranga;10975;13469;2494;22.72
AL;Paripueira;11347;13835;2488;21.93
RS;Carazinho;59317;61804;2487;4.19
SC;Sangão;10400;12882;2482;23.87
PB;Patos;100693;103165;2472;2.45
PR;Itaipulândia;9026;11485;2459;27.24
SP;Jaú;131040;133497;2457;1.88
MT;Pedra Preta;15610;18066;2456;15.73
RS;Guaporé;22814;25268;2454;10.76
RS;Encantado;20513;22962;2449;11.94
SC;Treze Tílias;6341;8787;2446;38.57
PA;Aveiro;15849;18290;2441;15.4
BA;Poções;45855;48293;2438;5.32
SP;Itajobi;14556;16989;2433;16.71
CE;Frecheirinha;13227;15657;2430;18.37
SC;Massaranduba;14736;17162;2426;16.46
PR;Piên;11236;13655;2419;21.53
MG;Itajubá;90658;93073;2415;2.66
SC;Morro da Fumaça;16126;18537;2411;14.95
BA;Ponto Novo;15529;17938;2409;15.51
GO;Vianópolis;12548;14956;2408;19.19
MG;Delta;8089;10494;2405;29.73
MT;Vera;10402;12800;2398;23.05
MG;Santa Bárbara;28077;30466;2389;8.51
BA;Cairu;15374;17761;2387;15.53
SC;Mafra;52912;55286;2374;4.49
MA;Porto Franco;21530;23903;2373;11.02
PB;Pedras de Fogo;27289;29662;2373;8.7
PR;Matelândia;16078;18450;2372;14.75
SC;Paulo Lopes;6692;9063;2371;35.43
CE;Paraipaba;29849;32216;2367;7.93
AM;Novo Aripuanã;21451;23818;2367;11.03
MT;Nova Ubiratã;9175;11530;2355;25.67
MT;Gaúcha do Norte;6292;8642;2350;37.35
MG;Araporã;6144;8479;2335;38.0
PR;Nova Prata do Iguaçu;10377;12699;2322;22.38
SP;Brotas;21580;23898;2318;10.74
SP;Lorena;82537;84855;2318;2.81
SC;Pouso Redondo;14810;17123;2313;15.62
PR;Ampére;17308;19620;2312;13.36
PR;Bocaiúva do Sul;10987;13299;2312;21.04
MA;São Pedro da Água Branca;12028;14338;2310;19.21
MG;Ervália;17946;20255;2309;12.87
SC;Capivari de Baixo;21674;23975;2301;10.62
SP;Ipiguá;4463;6761;2298;51.49
PR;União da Vitória;52735;55033;2298;4.36
SP;Bom Jesus dos Perdões;19708;22006;2298;11.66
SC;Curitibanos;37748;40045;2297;6.09
BA;Gandu;29887;32178;2291;7.67
MT;Vila Bela da Santíssima Trindade;14493;16774;2281;15.74
MA;Palmeirândia;18780;21059;2279;12.14
BA;Livramento de Nossa Senhora;41625;43903;2278;5.47
RS;Ibirubá;19310;21583;2273;11.77
RN;Monte Alegre;20763;23031;2268;10.92
SC;Orleans;21393;23661;2268;10.6
MT;Itanhangá;5276;7539;2263;42.89
BA;Rodelas;8056;10308;2252;27.95
PE;Caetés;26577;28827;2250;8.47
SP;Matão;76786;79033;2247;2.93
BA;João Dourado;22609;24854;2245;9.93
BA;Pilão Arcado;33118;35357;2239;6.76
MG;Pirapora;53368;55606;2238;4.19
SC;Canoinhas;52779;55016;2237;4.24
PI;Luís Correia;28406;30641;2235;7.87
MA;Carutapera;22006;24238;2232;10.14
PE;São José do Belmonte;32617;34843;2226;6.82
PR;Cambira;7236;9460;2224;30.74
BA;Sítio do Quinto;12553;14773;2220;17.69
SC;Canelinha;10603;12821;2218;20.92
SP;Dracena;43258;45474;2216;5.12
SP;Ribeirão Pires;113354;115559;2205;1.95
MS;Ribas do Rio Pardo;20946;23150;2204;10.52
MG;Capitólio;8183;10380;2197;26.85
MA;Apicum-Açu;15323;17519;2196;14.33
PI;Nazária;8068;10262;2194;27.19
MG;Bom Repouso;10457;12649;2192;20.96
BA;Mata de São João;40375;42566;2191;5.43
RS;Capão do Leão;24298;26487;2189;9.01
ES;Castelo;34747;36930;2183;6.28
MG;Espírito Santo do Dourado;4429;6611;2182;49.27
SE;Canindé de São Francisco;24654;26834;2180;8.84
SP;Amparo;65829;68008;2179;3.31
PA;Vitória do Xingu;13431;15607;2176;16.2
CE;Camocim;60158;62326;2168;3.6
AM;Tonantins;17079;19247;2168;12.69
CE;Pentecoste;35651;37813;2162;6.06
MG;Caratinga;85207;87360;2153;2.53
AC;Xapuri;16091;18243;2152;13.37
MS;Mundo Novo;17043;19193;2150;12.62
RJ;Quissamã;20253;22393;2140;10.57
AL;Barra de Santo Antônio;14230;16365;2135;15.0
SP;Porangaba;8326;10451;2125;25.52
MT;Juara;32781;34906;2125;6.48
RJ;Itatiaia;28783;30908;2125;7.38
SP;Pinhalzinho;13105;15224;2119;16.17
TO;Guaraí;22661;24775;2114;9.33
PB;Guarabira;55381;57484;2103;3.8
GO;Orizona;14300;16399;2099;14.68
PR;Balsa Nova;11300;13395;2095;18.54
SP;São Lourenço da Serra;13973;16067;2094;14.99
RR;São João da Baliza;6769;8858;2089;30.86
SC;Cocal do Sul;15159;17240;2081;13.73
MG;Taiobeiras;30970;33050;2080;6.72
PR;Santa Helena;23413;25492;2079;8.88
AP;Pedra Branca do Amapari;10772;12847;2075;19.26
MG;São Gonçalo do Rio Abaixo;9777;11850;2073;21.2
AL;Pilar;33305;35370;2065;6.2
SP;Taquarituba;22291;24350;2059;9.24
AM;Ipixuna;22254;24311;2057;9.24
BA;Itatim;13691;15737;2046;14.94
SP;São Joaquim da Barra;46512;48558;2046;4.4
MA;Bacabeira;14925;16966;2041;13.68
AC;Santa Rosa do Purus;4691;6723;2032;43.32
CE;Bela Cruz;30745;32775;2030;6.6
CE;Morrinhos;20723;22753;2030;9.8
AC;Assis Brasil;6072;8100;2028;33.4
GO;Santa Helena de Goiás;36467;38492;2025;5.55
PR;Loanda;21201;23225;2024;9.55
BA;Palmeiras;8316;10339;2023;24.33
PE;Ouricuri;63228;65245;2017;3.19
SP;Guariba;35486;37498;2012;5.67
CE;Porteiras;15048;17050;2002;13.3
PR;Marmeleiro;13900;15901;2001;14.4
SP;Tarumã;12885;14882;1997;15.5
BA;Curaçá;32191;34180;1989;6.18
ES;Irupi;11723;13710;1987;16.95
SP;Santa Gertrudes;21634;23611;1977;9.14
PA;Viseu;56716;58692;1976;3.48
SP;Itapeva;87753;89728;1975;2.25
PE;Lagoa do Carro;16007;17981;1974;12.33
SP;Castilho;18003;19977;1974;10.96
MT;Nova Bandeirantes;11662;13635;1973;16.92
BA;Remanso;38615;40586;1971;5.1
MT;Bom Jesus do Araguaia;5314;7280;1966;37.0
BA;Amargosa;34557;36521;1964;5.68
PR;Agudos do Sul;8270;10233;1963;23.74
GO;Porangatu;42355;44317;1962;4.63
RS;Não-Me-Toque;15936;17898;1962;12.31
RS;Sant'Ana do Livramento;82464;84421;1957;2.37
SP;Jaci;5657;7613;1956;34.58
PR;Capanema;18526;20481;1955;10.55
MA;Trizidela do Vale;20529;22484;1955;9.52
GO;Montividiu;10567;12521;1954;18.49
BA;Piatã;18133;20086;1953;10.77
PI;Valença do Piauí;20326;22279;1953;9.61
MA;Barra do Corda;82580;84532;1952;2.36
AM;Itapiranga;8211;10162;1951;23.76
BA;Mucuri;36026;37977;1951;5.42
SP;Morungaba;11769;13720;1951;16.58
MA;Viana;49496;51442;1946;3.93
MG;Turmalina;18055;20000;1945;10.77
MG;Pompéu;29105;31047;1942;6.67
MA;Mata Roma;15150;17090;1940;12.81
RS;Candiota;8771;10710;1939;22.11
SP;Iracemápolis;20029;21967;1938;9.68
RJ;Miguel Pereira;24646;26582;1936;7.86
SP;Batatais;56476;58402;1926;3.41
SC;Laurentino;6007;7932;1925;32.05
SP;Elias Fausto;15775;17699;1924;12.2
MG;Monte Carmelo;45772;47692;1920;4.19
CE;Baturité;33302;35218;1916;5.75
MA;Maracaçumé;19234;21149;1915;9.96
SP;Canitar;4369;6283;1914;43.81
PE;Ipubi;27097;29009;1912;7.06
MS;Ladário;19615;21522;1907;9.72
PR;Nova Aurora;11866;13765;1899;16.0
MG;Prudente de Morais;9573;11466;1893;19.77
SP;Ouroeste;8405;10294;1889;22.47
RS;Palmares do Sul;10969;12844;1875;17.09
SP;Guaíra;37404;39279;1875;5.01
PI;São João do Piauí;19548;21421;1873;9.58
PI;Corrente;25407;27278;1871;7.36
PA;Curuá;12254;14117;1863;15.2
AM;Nhamundá;18278;20136;1858;10.17
MS;Selvíria;6287;8142;1855;29.51
PE;São Caitano;35274;37126;1852;5.25
ES;Barra de São Francisco;40649;42498;1849;4.55
MG;Ubá;101519;103365;1846;1.82
MG;Juruaia;9238;11084;1846;19.98
RN;São Miguel;21693;23537;1844;8.5
PB;Catolé do Rocha;28818;30661;1843;6.4
SP;Taguaí;10828;12669;1841;17.0
GO;Campo Limpo de Goiás;6241;8081;1840;29.48
SC;Rodeio;10922;12757;1835;16.8
PE;Tacaratu;22068;23902;1834;8.31
PA;Terra Santa;16949;18782;1833;10.81
RJ;São José do Vale do Rio Preto;20251;22080;1829;9.03
SP;Rio das Pedras;29501;31328;1827;6.19
MA;Davinópolis;12579;14404;1825;14.51
MG;Diamantina;45880;47702;1822;3.97
PB;Bananeiras;21315;23134;1819;8.53
SC;Gravatal;10618;12435;1817;17.11
PR;Itapejara d'Oeste;10531;12344;1813;17.22
AC;Porto Acre;14880;16693;1813;12.18
SP;Angatuba;22210;24022;1812;8.16
MA;Santa Inês;83203;85014;1811;2.18
RS;Rolante;19448;21253;1805;9.28
SP;Nazaré Paulista;16414;18217;1803;10.98
BA;Barra;49291;51092;1801;3.65
MG;Rodeiro;6867;8664;1797;26.17
MG;Limeira do Oeste;6890;8687;1797;26.08
PR;Terra Boa;15776;17568;1792;11.36
SP;Buritama;15418;17210;1792;11.62
MG;Nova Ponte;12812;14598;1786;13.94
BA;Cruz das Almas;58562;60348;1786;3.05
MG;Capim Branco;8881;10663;1782;20.07
PA;Belterra;16318;18099;1781;10.91
PI;Simplício Mendes;12089;13870;1781;14.73
AM;Alvarães;14088;15866;1778;12.62
MT;Cáceres;87907;89681;1774;2.02
SP;Igaratá;8831;10605;1774;20.09
RS;Trindade do Sul;5787;7556;1769;30.57
SE;Itabaianinha;38910;40678;1768;4.54
SP;Jales;47012;48776;1764;3.75
RS;Nova Hartz;18324;20088;1764;9.63
MA;Riachão;20387;22145;1758;8.62
MT;Peixoto de Azevedo;30963;32714;1751;5.66
SC;Itaiópolis;20301;22051;1750;8.62
SC;Santa Rosa do Sul;8043;9792;1749;21.75
ES;Rio Bananal;17530;19274;1744;9.95
MG;Lagoa Formosa;17161;18904;1743;10.16
CE;Barreira;20653;22392;1739;8.42
GO;Ouvidor;5467;7200;1733;31.7
SP;Novo Horizonte;36593;38324;1731;4.73
SP;Taquarivaí;5151;6876;1725;33.49
PR;Palmeira;32133;33855;1722;5.36
BA;Barra do Choça;34817;36539;1722;4.95
SP;Junqueirópolis;18726;20448;1722;9.2
PR;Douradina;7445;9161;1716;23.05
MA;Nina Rodrigues;12464;14176;1712;13.74
SP;Vargem;8801;10512;1711;19.44
BA;Iraquara;22170;23879;1709;7.71
RS;Triunfo;25793;27498;1705;6.61
PR;Francisco Alves;6418;8116;1698;26.46
TO;Sítio Novo do Tocantins;9132;10830;1698;18.59
PB;Lagoa Seca;26033;27730;1697;6.52
GO;Flores de Goiás;12048;13744;1696;14.08
RN;Tibau;3687;5382;1695;45.97
BA;Serra Preta;16304;17996;1692;10.38
SP;Buri;18563;20250;1687;9.09
PR;Ribeirão Claro;10678;12364;1686;15.79
SP;Cristais Paulista;7588;9272;1684;22.19
SC;Seara;16936;18620;1684;9.94
MA;Belágua;6782;8460;1678;24.74
PR;Pérola;10208;11878;1670;16.36
PE;Petrolândia;32492;34161;1669;5.14
SC;Agrolândia;9323;10990;1667;17.88
SP;Valparaíso;22576;24241;1665;7.38
PA;Curionópolis;18288;19950;1662;9.09
PR;Santo Antônio da Platina;42707;44369;1662;3.89
GO;Barro Alto;8716;10371;1655;18.99
SP;Pacaembu;13226;14877;1651;12.48
SP;Regente Feijó;18494;20145;1651;8.93
SC;São João do Sul;7018;8668;1650;23.51
RS;Nonoai;12074;13719;1645;13.62
MT;Brasnorte;15361;17004;1643;10.7
GO;Rialma;10523;12165;1642;15.6
SP;Iaras;6376;8010;1634;25.63
MA;Fernando Falcão;9241;10873;1632;17.66
CE;Granja;51717;53344;1627;3.15
PE;Jupi;13705;15329;1624;11.85
MG;Iapu;10407;12030;1623;15.6
PI;Cocal;26591;28212;1621;6.1
SC;Três Barras;18129;19746;1617;8.92
SP;Paulicéia;6339;7955;1616;25.49
AP;Calçoene;9000;10612;1612;17.91
MG;Bocaiúva;46421;48032;1611;3.47
MS;Fátima do Sul;19009;20609;1600;8.42
PE;Pombos;25953;27552;1599;6.16
MT;Diamantino;20343;21941;1598;7.86
PA;Santa Maria do Pará;23026;24624;1598;6.94
MG;Campo Florido;6870;8466;1596;23.23
AC;Capixaba;8798;10392;1594;18.12
ES;Baixo Guandu;29081;30674;1593;5.48
MG;São João do Paraíso;22319;23910;1591;7.13
CE;Irauçuba;22324;23915;1591;7.13
SP;Cravinhos;31691;33281;1590;5.02
RN;Lagoa Nova;13983;15573;1590;11.37
MG;Almenara;38775;40364;1589;4.1
MA;Pedro do Rosário;22732;24320;1588;6.99
SP;Paranapanema;17808;19395;1587;8.91
SP;Tupi Paulista;14269;15854;1585;11.11
PR;Coronel Vivida;21749;23331;1582;7.27
SP;Águas de Santa Bárbara;5601;7177;1576;28.14
BA;Mucugê;10563;12137;1574;14.9
MG;Divino;19133;20706;1573;8.22
SP;Pardinho;5582;7153;1571;28.14
MG;Igaratinga;9264;10830;1566;16.9
RS;Sarandi;21285;22851;1566;7.36
RS;Estrela;30619;32183;1564;5.11
MG;Delfinópolis;6830;8393;1563;22.88
GO;Alto Horizonte;4510;6072;1562;34.63
AC;Porto Walter;9176;10735;1559;16.99
RJ;Pinheiral;22740;24298;1558;6.85
CE;Meruoca;13599;15157;1558;11.46
SP;Pedreira;41558;43112;1554;3.74
MG;Chapada Gaúcha;10805;12355;1550;14.35
AM;São Paulo de Olivença;31422;32967;1545;4.92
MT;Alto Araguaia;15649;17193;1544;9.87
PA;Ourém;16311;17855;1544;9.47
MG;Paraopeba;22563;24107;1544;6.84
SP;Nova Independência;3068;4609;1541;50.23
MS;Angélica;9191;10729;1538;16.73
SC;Nova Trento;12190;13727;1537;12.61
MT;Pontal do Araguaia;5395;6932;1537;28.49
AM;Urucará;17094;18631;1537;8.99
TO;Augustinópolis;15950;17484;1534;9.62
PR;Salto do Lontra;13689;15223;1534;11.21
BA;Filadélfia;16364;17897;1533;9.37
AM;Japurá;7326;8858;1532;20.91
MS;Deodápolis;12133;13663;1530;12.61
BA;Salinas da Margarida;13463;14987;1524;11.32
SP;Mendonça;4640;6159;1519;32.74
BA;Jaguarari;31184;32703;1519;4.87
RN;Santa Cruz;35797;37313;1516;4.23
SP;Patrocínio Paulista;13000;14512;1512;11.63
GO;Campinorte;11003;12510;1507;13.7
ES;Guaçuí;27851;29358;1507;5.41
PI;Piracuruca;27339;28846;1507;5.51
PR;Jesuítas;9001;10506;1505;16.72
SP;Cosmorama;7214;8719;1505;20.86
PR;Perobal;5691;7189;1498;26.32
SP;Capivari;48576;50068;1492;3.07
MA;Barão de Grajaú;17493;18984;1491;8.52
SP;Serra Azul;11256;12746;1490;13.24
BA;Correntina;30970;32457;1487;4.8
PA;Colares;11381;12868;1487;13.07
SP;Itapuí;12173;13659;1486;12.21
SE;Umbaúba;22434;23917;1483;6.61
SP;Mauá;416778;418261;1483;0.36
AC;Acrelândia;12538;14021;1483;11.83
MG;Guaxupé;49430;50911;1481;3.0
AM;Tapauá;18120;19599;1479;8.16
MG;Paraguaçu;20245;21723;1478;7.3
PE;Riacho das Almas;19162;20639;1477;7.71
SP;Monte Alegre do Sul;7152;8627;1475;20.62
MG;Itaguara;12372;13846;1474;11.91
BA;Santa Bárbara;19479;20952;1473;7.56
PR;Paraíso do Norte;11772;13245;1473;12.51
GO;Abadiânia;15759;17232;1473;9.35
SP;Cachoeira Paulista;30091;31564;1473;4.9
RS;Três Passos;23965;25436;1471;6.14
PR;Imbituva;28455;29924;1469;5.16
AL;Japaratinga;7754;9219;1465;18.89
MG;Muzambinho;20430;21891;1461;7.15
PB;Sousa;65799;67259;1460;2.22
MG;Simonésia;18298;19750;1452;7.94
BA;Teolândia;13881;15332;1451;10.45
MG;Toledo;5764;7214;1450;25.16
SP;Ibaté;30734;32178;1444;4.7
BA;Mansidão;12476;13919;1443;11.57
MG;São Sebastião da Bela Vista;4948;6387;1439;29.08
GO;Buriti Alegre;9059;10495;1436;15.85
SP;Bálsamo;8160;9596;1436;17.6
PB;São Bento;30801;32235;1434;4.66
MT;Mirassol d'Oeste;25352;26785;1433;5.65
PR;Laranjeiras do Sul;30801;32227;1426;4.63
PB;Monteiro;30852;32277;1425;4.62
SP;Narandiba;4288;5713;1425;33.23
MA;Igarapé do Meio;12550;13974;1424;11.35
MG;Piedade de Caratinga;7110;8529;1419;19.96
RJ;São Fidélis;37543;38961;1418;3.78
SC;Corupá;13852;15267;1415;10.22
MG;Confins;5936;7350;1414;23.82
MG;Florestal;6632;8045;1413;21.31
SC;Maracajá;6404;7815;1411;22.03
PR;Chopinzinho;19679;21085;1406;7.14
RS;Feliz;12359;13764;1405;11.37
MA;Bela Vista do Maranhão;10349;11750;1401;13.54
SE;Campo do Brito;16749;18149;1400;8.36
MG;Três Pontas;53860;55255;1395;2.59
GO;Vicentinópolis;7373;8768;1395;18.92
PR;Guaíra;30704;32097;1393;4.54
MG;Martinho Campos;12611;14003;1392;11.04
SP;Mococa;66290;67681;1391;2.1
PB;Marcação;7609;8999;1390;18.27
PB;Itapororoca;16997;18382;1385;8.15
TO;Praia Norte;7659;9044;1385;18.08
MG;Santa Margarida;15011;16395;1384;9.22
GO;Terezópolis de Goiás;6561;7944;1383;21.08
MT;Porto Alegre do Norte;10748;12127;1379;12.83
RJ;Teresópolis;163746;165123;1377;0.84
SP;Três Fronteiras;5427;6804;1377;25.37
MG;Pitangui;25311;26685;1374;5.43
MG;São Gonçalo do Pará;10398;11770;1372;13.19
PB;Capim;5601;6970;1369;24.44
PB;Puxinanã;12911;14277;1366;10.58
GO;Campo Alegre de Goiás;6060;7422;1362;22.48
PR;Terra Roxa;16759;18119;1360;8.12
MA;São Pedro dos Crentes;4425;5783;1358;30.69
PR;Iguaraçu;3982;5338;1356;34.05
RS;Bom Princípio;11789;13142;1353;11.48
AL;Santana do Ipanema;44867;46220;1353;3.02
MG;Ipanema;18170;19522;1352;7.44
AM;Amaturá;9467;10819;1352;14.28
MG;Coromandel;27547;28894;1347;4.89
GO;Mozarlândia;13404;14750;1346;10.04
SP;Sarapuí;9027;10369;1342;14.87
RS;São Francisco de Paula;20551;21893;1342;6.53
SP;Bebedouro;75035;76373;1338;1.78
GO;Nova Veneza;8145;9481;1336;16.4
AP;Itaubal;4265;5599;1334;31.28
GO;Ceres;20712;22046;1334;6.44
PE;Paranatama;10866;12199;1333;12.27
PI;Murici dos Portelas;8464;9797;1333;15.75
MG;Boa Esperança;38516;39848;1332;3.46
RN;Apodi;34763;36093;1330;3.83
CE;Miraíma;12866;14196;1330;10.34
SP;Dumont;8143;9471;1328;16.31
PE;Lagoa Grande;22760;24088;1328;5.83
PA;São Miguel do Guamá;51567;52894;1327;2.57
RR;Iracema;8696;10023;1327;15.26
SP;Fartura;15320;16641;1321;8.62
MG;Santo Antônio do Monte;25975;27295;1320;5.08
AL;São Miguel dos Milagres;7163;8482;1319;18.41
MG;Araújos;7883;9199;1316;16.69
MG;Águas Vermelhas;12722;14037;1315;10.34
PE;Águas Belas;40235;41548;1313;3.26
MG;São João das Missões;11715;13024;1309;11.17
PR;Quitandinha;17089;18398;1309;7.66
GO;Crixás;15760;17065;1305;8.28
PI;Paulistana;19753;21055;1302;6.59
GO;Acreúna;20268;21568;1300;6.41
MG;Perdões;20087;21384;1297;6.46
RS;São Sebastião do Caí;23134;24428;1294;5.59
MG;Buritis;22737;24030;1293;5.69
MG;Santana do Riacho;4023;5313;1290;32.07
MT;Santa Carmem;4085;5374;1289;31.55
BA;Piraí do Norte;9685;10974;1289;13.31
PR;São João;10599;11886;1287;12.14
MA;Cachoeira Grande;8446;9732;1286;15.23
SP;Pereiras;7454;8737;1283;17.21
MG;Tupaciguara;24188;25470;1282;5.3
MA;Caxias;155692;156973;1281;0.82
PB;Cruz do Espírito Santo;15815;17095;1280;8.09
MG;Reduto;6569;7848;1279;19.47
SC;Luiz Alves;10405;11684;1279;12.29
AC;Senador Guiomard;20179;21454;1275;6.32
RJ;Três Rios;77075;78346;1271;1.65
SC;Saudades;8994;10265;1271;14.13
PR;Tapejara;14598;15869;1271;8.71
SC;Itapiranga;15371;16638;1267;8.24
GO;Leopoldo de Bulhões;7479;8745;1266;16.93
ES;Iúna;27328;28590;1262;4.62
SC;Agronômica;4794;6055;1261;26.3
MS;Aquidauana;45543;46803;1260;2.77
RJ;Piraí;26214;27474;1260;4.81
GO;Mambaí;6867;8124;1257;18.3
SP;Alambari;4884;6141;1257;25.74
RO;Pimenta Bueno;33822;35079;1257;3.72
PR;Jacarezinho;39121;40375;1254;3.21
PB;Baía da Traição;7971;9224;1253;15.72
MG;Ilicínea;11488;12741;1253;10.91
MG;Serra do Salitre;10549;11801;1252;11.87
SP;Estiva Gerbi;10044;11295;1251;12.46
SP;Porto Ferreira;51400;52649;1249;2.43
MG;Espera Feliz;22856;24102;1246;5.45
BA;Sento Sé;36909;38154;1245;3.37
PE;Tabira;26436;27681;1245;4.71
MG;Divisópolis;8974;10213;1239;13.81
MG;Mata Verde;7874;9112;1238;15.72
MA;Jenipapo dos Vieiras;15839;17076;1237;7.81
SP;Roseira;9599;10832;1233;12.85
AL;Palmeira dos Índios;70341;71574;1233;1.75
SC;Aurora;5551;6780;1229;22.14
MG;Lajinha;19609;20835;1226;6.25
SE;Areia Branca;16857;18081;1224;7.26
SP;Vista Alegre do Alto;6886;8109;1223;17.76
MG;Martins Soares;7173;8396;1223;17.05
MG;Visconde do Rio Branco;37942;39160;1218;3.21
MG;Caetanópolis;10218;11435;1217;11.91
PB;Rio Tinto;23366;24581;1215;5.2
CE;Nova Olinda;14186;15399;1213;8.55
SP;Pilar do Sul;26406;27619;1213;4.59
MG;Guimarânia;7265;8478;1213;16.7
SP;Altinópolis;15607;16818;1211;7.76
RS;Veranópolis;22810;24021;1211;5.31
SP;Tanabi;24055;25265;1210;5.03
SP;Estrela d'Oeste;8208;9417;1209;14.73
PR;Joaquim Távora;10736;11945;1209;11.26
MT;Ribeirão Cascalheira;8881;10089;1208;13.6
AM;Pauini;18166;19373;1207;6.64
SP;São Bento do Sapucaí;10468;11674;1206;11.52
PA;Soure;23001;24204;1203;5.23
AL;Feira Grande;21513;22712;1199;5.57
MA;São Raimundo das Mangabeiras;17474;18672;1198;6.86
SC;Águas Mornas;5548;6743;1195;21.54
MG;Munhoz;6257;7451;1194;19.08
RS;Três de Maio;23726;24916;1190;5.02
RS;Santa Clara do Sul;5697;6887;1190;20.89
SC;Turvo;11855;13043;1188;10.02
GO;Pontalina;17121;18309;1188;6.94
MA;Colinas;39132;40316;1184;3.03
GO;Caldazinha;3331;4507;1176;35.3
MG;Rio Acima;9087;10261;1174;12.92
SC;José Boiteux;4812;5985;1173;24.38
SP;Itaí;24008;25180;1172;4.88
MT;Nova Nazaré;3029;4200;1171;38.66
MT;Nova Lacerda;5500;6670;1170;21.27
RN;Serra Caiada;8960;10125;1165;13.0
PB;Sapé;50143;51306;1163;2.32
BA;Jussara;15194;16354;1160;7.63
PR;Corbélia;16312;17470;1158;7.1
PB;Alagoa Nova;19856;21013;1157;5.83
MG;Orizânia;7284;8437;1153;15.83
PE;Pedra;21644;22795;1151;5.32
RS;Sapucaia do Sul;130957;132107;1150;0.88
CE;Piquet Carneiro;15469;16616;1147;7.41
CE;Salitre;15487;16633;1146;7.4
RN;Parelhas;20354;21499;1145;5.63
PB;Massaranduba;12994;14139;1145;8.81
RS;Bagé;116794;117938;1144;0.98
MG;Ijaci;5859;7003;1144;19.53
PE;Santa Maria da Boa Vista;39435;40578;1143;2.9
PA;Tracuateua;27455;28595;1140;4.15
PR;Jandaia do Sul;20269;21408;1139;5.62
BA;Madre de Deus;17376;18504;1128;6.49
SC;São Joaquim;24812;25939;1127;4.54
PI;Água Branca;16451;17573;1122;6.82
PB;Pilar;11191;12311;1120;10.01
RS;Harmonia;4259;5378;1119;26.27
PA;Pacajá;39979;41097;1118;2.8
MG;Serro;20835;21952;1117;5.36
MG;Elói Mendes;25220;26336;1116;4.43
SP;Colina;17371;18486;1115;6.42
PR;São Mateus do Sul;41257;42366;1109;2.69
SP;Biritiba Mirim;28575;29683;1108;3.88
BA;Sítio do Mato;12300;13408;1108;9.01
CE;Milhã;13015;14123;1108;8.51
PB;Santa Cecília;6563;7670;1107;16.87
BA;Jaguaripe;16552;17659;1107;6.69
RS;Tupandi;3924;5029;1105;28.16
MG;Piranguinho;8016;9120;1104;13.77
SP;Saltinho;7059;8161;1102;15.61
BA;Souto Soares;15952;17054;1102;6.91
SP;Taiúva;5447;6548;1101;20.21
CE;Marco;24698;25799;1101;4.46
PE;Agrestina;22679;23779;1100;4.85
MS;Antônio João;8208;9303;1095;13.34
PR;Ouro Verde do Oeste;5692;6785;1093;19.2
MG;Belo Vale;7536;8627;1091;14.48
MG;Astolfo Dutra;13049;14138;1089;8.35
PE;Afrânio;17586;18674;1088;6.19
PE;Araçoiaba;18156;19243;1087;5.99
SC;Armazém;7753;8834;1081;13.94
PR;Saudade do Iguaçu;5028;6108;1080;21.48
PE;Cachoeirinha;18819;19899;1080;5.74
SP;Pedro de Toledo;10204;11281;1077;10.55
SC;São Cristóvão do Sul;5012;6084;1072;21.39
SC;São Pedro de Alcântara;4704;5776;1072;22.79
MG;Lima Duarte;16149;17221;1072;6.64
PE;Limoeiro;55439;56510;1071;1.93
PR;Manoel Ribas;13169;14240;1071;8.13
SC;Alfredo Wagner;9410;10481;1071;11.38
PB;Sumé;16096;17166;1070;6.65
SC;Papanduva;18080;19150;1070;5.92
ES;Brejetuba;11915;12985;1070;8.98
MA;Centro do Guilherme;11273;12342;1069;9.48
MA;Cândido Mendes;18864;19932;1068;5.66
MG;Paraisópolis;19379;20445;1066;5.5
MA;Tasso Fragoso;7796;8862;1066;13.67
PR;Araruna;13419;14485;1066;7.94
RN;João Câmara;32227;33290;1063;3.3
MG;Itanhandu;14175;15236;1061;7.49
SP;Bastos;20445;21503;1058;5.17
BA;Senhor do Bonfim;73466;74523;1057;1.44
MT;Campinápolis;14291;15347;1056;7.39
PR;Quatiguá;7045;8099;1054;14.96
MG;Salinas;39125;40178;1053;2.69
RS;Seberi;10897;11950;1053;9.66
ES;Montanha;17849;18900;1051;5.89
SC;Taió;17260;18310;1050;6.08
GO;Piracanjuba;23834;24883;1049;4.4
SP;Jambeiro;5349;6397;1048;19.59
SP;Joanópolis;11768;12815;1047;8.9
TO;São Bento do Tocantins;4608;5654;1046;22.7
MG;Coronel Fabriciano;103694;104736;1042;1.0
BA;Cocos;18111;19151;1040;5.74
AP;Porto Grande;16809;17848;1039;6.18
AM;Novo Airão;14723;15761;1038;7.05
TO;Tabocão;2419;3455;1036;42.83
CE;Mulungu;9534;10569;1035;10.86
MG;Varjão de Minas;5934;6969;1035;17.44
SP;Quintana;6004;7038;1034;17.22
SP;Urupês;12714;13744;1030;8.1
ES;Marilândia;11358;12387;1029;9.06
SC;São João do Itaperiú;3435;4463;1028;29.93
RS;Sananduva;15373;16399;1026;6.67
RO;Chupinguaia;8301;9324;1023;12.32
SP;Florínea;2829;3851;1022;36.13
RS;Lindolfo Collor;5227;6248;1021;19.53
BA;Sapeaçu;16943;17963;1020;6.02
SP;Itatinga;18052;19070;1018;5.64
MG;São José da Barra;6778;7793;1015;14.97
MG;Nova Resende;15374;16387;1013;6.59
PE;Tacaimbó;12725;13738;1013;7.96
SE;Cristinápolis;16087;17100;1013;6.3
SC;Catanduvas;9555;10566;1011;10.58
SC;Cordilheira Alta;3771;4781;1010;26.78
SP;Laranjal Paulista;25251;26261;1010;4.0
MA;São Domingos do Azeitão;6983;7992;1009;14.45
SC;Praia Grande;7262;8270;1008;13.88
BA;Queimadas;24986;25988;1002;4.01
RS;Mato Leitão;3858;4859;1001;25.95
MG;São João do Manhuaçu;10245;11246;1001;9.77
RS;Arroio dos Ratos;13606;14601;995;7.31
SP;Potim;19397;20392;995;5.13
PE;Santa Maria do Cambucá;13021;14013;992;7.62
ES;Fundão;17025;18014;989;5.81
TO;Axixá do Tocantins;9275;10262;987;10.64
MG;Senador Amaral;5219;6206;987;18.91
BA;Santa Rita de Cássia;26404;27390;986;3.73
SP;Sales;5451;6437;986;18.09
MT;Paranaíta;10686;11671;985;9.22
MA;Arari;28488;29472;984;3.45
GO;Corumbaíba;8181;9164;983;12.02
SC;Piratuba;4786;5769;983;20.54
MG;Guanhães;31262;32244;982;3.14
RS;São Marcos;20103;21084;981;4.88
CE;Ubajara;31787;32767;980;3.08
SP;Luís Antônio;11286;12265;979;8.67
MG;Tiros;6906;7883;977;14.15
MG;Ubaporanga;12040;13017;977;8.11
PB;Piancó;15465;16441;976;6.31
SC;Otacílio Costa;16337;17312;975;5.97
MG;Mutum;26661;27635;974;3.65
MG;Mar de Espanha;11749;12721;972;8.27
SP;Rubinéia;2862;3833;971;33.93
AM;São Sebastião do Uatumã;10705;11670;965;9.01
MS;Bandeirantes;6977;7940;963;13.8
MS;Paraíso das Águas;4548;5510;962;21.15
SP;Piraju;28475;29436;961;3.37
GO;Cachoeira Alta;10552;11513;961;9.11
ES;Santa Teresa;21851;22808;957;4.38
MG;Carmópolis de Minas;17048;18003;955;5.6
RS;Nova Araçá;4001;4954;953;23.82
BA;Nova Viçosa;38556;39509;953;2.47
BA;Ibirapuã;7948;8896;948;11.93
PI;Lagoa do Piauí;3863;4810;947;24.51
PR;Santa Fé;10432;11378;946;9.07
SP;Cosmópolis;58827;59773;946;1.61
PA;Santa Luzia do Pará;19424;20370;946;4.87
CE;Canindé;73228;74174;946;1.29
MT;Chapada dos Guimarães;18047;18990;943;5.23
RN;São Paulo do Potengi;15843;16786;943;5.95
SC;Correia Pinto;14785;15727;942;6.37
RS;Santo Cristo;14378;15320;942;6.55
AL;Porto Real do Colégio;19141;20082;941;4.92
RS;Vale Real;5118;6058;940;18.37
PR;Santo Inácio;5241;6181;940;17.94
SC;Zortéa;2991;3930;939;31.39
PR;Santa Izabel do Oeste;13132;14070;938;7.14
RN;Pureza;8424;9362;938;11.13
MG;Raposos;15342;16279;937;6.11
SP;Ourinhos;103035;103970;935;0.91
SC;Iporã do Oeste;8400;9335;935;11.13
RN;São Miguel do Gostoso;9287;10221;934;10.06
MG;Divinésia;3293;4226;933;28.33
SC;Ipuaçu;6798;7730;932;13.71
SP;Monte Alto;46642;47574;932;2.0
BA;Irará;27112;28043;931;3.43
PR;Pitanga;32638;33567;929;2.85
SP;Neves Paulista;8772;9699;927;10.57
BA;Riachão do Jacuípe;32463;33386;923;2.84
SP;Uchoa;9471;10394;923;9.75
SE;Monte Alegre de Sergipe;13415;14336;921;6.87
BA;Carinhanha;27948;28869;921;3.3
BA;Caculé;21541;22462;921;4.28
SP;Presidente Bernardes;13570;14490;920;6.78
RS;Palmitinho;6920;7839;919;13.28
CE;Tururu;14495;15412;917;6.33
SC;Ascurra;7403;8319;916;12.37
ES;Santa Leopoldina;12191;13106;915;7.51
SE;Salgado;19365;20279;914;4.72
PE;Jucati;10604;11517;913;8.61
SP;Piracaia;25116;26029;913;3.64
MG;Matipó;17639;18552;913;5.18
RS;Rodeio Bonito;5743;6654;911;15.86
MG;Cristais;11286;12197;911;8.07
PR;Pato Bragado;4822;5733;911;18.89
SP;Lavínia;8779;9689;910;10.37
RS;Igrejinha;31899;32808;909;2.85
CE;Itatira;19516;20424;908;4.65
BA;Tanhaçu;20105;21006;901;4.48
MG;Teixeiras;11355;12255;900;7.93
PA;Pau D'Arco;6033;6931;898;14.88
BA;Tanque Novo;16261;17158;897;5.52
MA;Lagoa Grande do Maranhão;10517;11411;894;8.5
SC;Botuverá;4470;5363;893;19.98
SP;Adamantina;33797;34687;890;2.63
RJ;Quatis;12793;13682;889;6.95
GO;Nova Crixás;11927;12815;888;7.45
SP;Onda Verde;3884;4771;887;22.84
PR;Mercedes;5046;5931;885;17.54
SE;Capela;30761;31645;884;2.87
SC;Pescaria Brava;9307;10190;883;9.49
RS;São José dos Ausentes;3290;4172;882;26.81
MG;Pirajuba;4656;5537;881;18.92
SC;Nova Erechim;4275;5155;880;20.58
SP;Manduri;8992;9871;879;9.78
AM;Anori;16317;17194;877;5.37
GO;Rubiataba;18915;19788;873;4.62
PR;Maripá;5684;6555;871;15.32
BA;São Félix do Coribe;14326;15194;868;6.06
SP;Vargem Grande do Sul;39266;40133;867;2.21
AL;Porto de Pedras;8429;9295;866;10.27
MT;Novo São Joaquim;6054;6919;865;14.29
PR;Ivaiporã;31856;32720;864;2.71
AP;Ferreira Gomes;5802;6666;864;14.89
PB;Sobrado;7373;8236;863;11.7
CE;Uruoca;12883;13746;863;6.7
MG;Lambari;19554;20414;860;4.4
SP;Parisi;2032;2892;860;42.32
MG;Alfredo Vasconcelos;6075;6931;856;14.09
PE;Feira Nova;20571;21427;856;4.16
PB;Logradouro;3942;4797;855;21.69
PE;Floresta;29285;30137;852;2.91
PI;São João do Arraial;7336;8186;850;11.59
MG;Cachoeira de Minas;11034;11883;849;7.69
AM;Envira;16338;17186;848;5.19
SP;Tuiuti;5930;6778;848;14.3
SP;Sales Oliveira;10568;11411;843;7.98
PB;Itaporanga;23098;23940;842;3.65
SP;Bofete;9618;10460;842;8.75
CE;Jardim;26574;27411;837;3.15
PB;Mataraca;7407;8244;837;11.3
SP;Bernardino de Campos;10775;11607;832;7.72
MS;Juti;5897;6729;832;14.11
MG;Funilândia;3855;4686;831;21.56
PB;Caaporã;20362;21193;831;4.08
PB;Lucena;11730;12560;830;7.08
PR;Mauá da Serra;8555;9383;828;9.68
SP;Tietê;36835;37663;828;2.25
SP;Piedade;52143;52970;827;1.59
MG;Piranguçu;5217;6041;824;15.79
RS;Bom Retiro do Sul;11472;12294;822;7.17
PB;Montadas;4990;5812;822;16.47
RJ;Aperibé;10213;11034;821;8.04
CE;Guaiúba;23504;24325;821;3.49
SP;Dobrada;7939;8759;820;10.33
PE;Venturosa;16433;17251;818;4.98
SP;Ipeúna;6016;6831;815;13.55
RS;Casca;8651;9465;814;9.41
MG;Bambuí;22734;23546;812;3.57
BA;Santa Terezinha;9629;10441;812;8.43
PE;Tracunhaém;13055;13867;812;6.22
MG;Brasília de Minas;31213;32025;812;2.6
MG;Morada Nova de Minas;8255;9067;812;9.84
PR;Ortigueira;23380;24192;812;3.47
MA;João Lisboa;23900;24709;809;3.38
MS;Itaquiraí;18614;19423;809;4.35
RS;Nova Bassano;8840;9649;809;9.15
GO;Ipameri;24740;25548;808;3.27
GO;Aruanã;7496;8300;804;10.73
SP;Nova Aliança;5891;6693;802;13.61
MG;Jeceaba;5395;6197;802;14.87
PA;Sapucaia;5047;5847;800;15.85
MT;Santa Rita do Trivelato;2477;3276;799;32.26
MS;Jaraguari;6341;7139;798;12.58
RJ;Japeri;95492;96289;797;0.83
RS;Campo Bom;62091;62886;795;1.28
MG;Brasilândia de Minas;14226;15020;794;5.58
SP;Ibirá;10896;11690;794;7.29
PI;Cajueiro da Praia;7163;7957;794;11.08
RJ;Paraíba do Sul;41269;42063;794;1.92
SP;Adolfo;3557;4351;794;22.32
CE;Ipu;40292;41081;789;1.96
RS;Pareci Novo;3530;4319;789;22.35
PA;Santo Antônio do Tauá;26674;27461;787;2.95
SP;Pariquera-Açu;18446;19233;787;4.27
SP;Teodoro Sampaio;21386;22173;787;3.68
PR;Rio Bonito do Iguaçu;13143;13929;786;5.98
RN;Encanto;5231;6016;785;15.01
MG;Itamonte;14003;14786;783;5.59
MG;Tiradentes;6961;7744;783;11.25
RS;Parobé;51275;52058;783;1.53
BA;Cipó;16449;17230;781;4.75
ES;Bom Jesus do Norte;9476;10254;778;8.21
RS;Tenente Portela;13719;14497;778;5.67
PR;Astorga;24698;25475;777;3.15
SP;Pedra Bela;5780;6557;777;13.44
MG;Santa Bárbara do Leste;7682;8458;776;10.1
SC;Quilombo;10248;11022;774;7.55
BA;Barrocas;14429;15203;774;5.36
MG;Itamarandiba;32175;32948;773;2.4
MG;Ninheira;9815;10588;773;7.88
GO;Carmo do Rio Verde;8938;9710;772;8.64
BA;Anguera;10259;11031;772;7.53
MT;Nova Santa Helena;3468;4239;771;22.23
MG;Cruzília;14591;15362;771;5.28
GO;Montes Claros de Goiás;7985;8756;771;9.66
MA;Morros;17783;18554;771;4.34
RS;Glorinha;6891;7658;767;11.13
PR;Iporã;14981;15746;765;5.11
MT;General Carneiro;5272;6037;765;14.51
RJ;Nova Iguaçu;785102;785867;765;0.1
MG;São João Batista do Glória;6887;7652;765;11.11
CE;Groaíras;10147;10910;763;7.52
SP;Arandu;6123;6885;762;12.44
MG;Planura;10384;11145;761;7.33
MA;Brejo;33359;34120;761;2.28
MT;Santa Cruz do Xingu;1900;2661;761;40.05
MS;Paranaíba;40197;40957;760;1.89
MT;Itiquira;11478;12236;758;6.6
RN;Lagoa Salgada;7564;8319;755;9.98
SP;Santo Antônio do Aracanguá;7626;8379;753;9.87
PA;São Domingos do Capim;29846;30599;753;2.52
SC;Campo Alegre;11748;12501;753;6.41
MS;Rio Verde de Mato Grosso;19066;19818;752;3.94
MG;Piraúba;10862;11610;748;6.89
RS;Três Cachoeiras;10217;10962;745;7.29
MA;Anajatuba;24579;25322;743;3.02
GO;Brazabrantes;3251;3992;741;22.79
RN;Rafael Fernandes;4692;5432;740;15.77
MA;Amapá do Maranhão;6431;7170;739;11.49
RJ;Santo Antônio de Pádua;40589;41325;736;1.81
PR;Guapirama;3891;4626;735;18.89
MA;Pastos Bons;18067;18802;735;4.07
MG;Campo Belo;51544;52277;733;1.42
BA;Varzedo;9183;9913;730;7.95
MT;Cocalinho;5490;6220;730;13.3
BA;Glória;14795;15524;729;4.93
MG;Jequitibá;5156;5883;727;14.1
MS;Inocência;7677;8404;727;9.47
RS;Barão;5735;6461;726;12.66
SE;Nossa Senhora Aparecida;8508;9232;724;8.51
MT;São José do Xingu;5240;5964;724;13.82
TO;Tocantínia;6736;7459;723;10.73
GO;Porteirão;3347;4070;723;21.6
MG;Luisburgo;6234;6956;722;11.58
PR;Planalto;13654;14374;720;5.27
SE;Indiaroba;15831;16549;718;4.54
SP;Meridiano;3855;4572;717;18.6
SC;Siderópolis;12998;13714;716;5.51
RN;Tenente Laurentino Cruz;5177;5891;714;13.79
PI;Marcolândia;7819;8533;714;9.13
BA;Cristópolis;13280;13993;713;5.37
MG;Iraí de Minas;6467;7180;713;11.03
MG;Pirapetinga;10364;11077;713;6.88
MG;Dores de Campos;9299;10007;708;7.61
MG;Recreio;10299;11007;708;6.87
CE;Várzea Alegre;38276;38984;708;1.85
GO;São Miguel do Passa Quatro;3757;4464;707;18.82
SC;Trombudo Central;6567;7274;707;10.77
BA;Ipupiara;9229;9935;706;7.65
SP;Ubirajara;4427;5132;705;15.93
SP;Jeriquara;3160;3863;703;22.25
RJ;Rio Bonito;55576;56276;700;1.26
SP;Descalvado;31056;31756;700;2.25
MA;Milagres do Maranhão;8118;8818;700;8.62
RS;Capela de Santana;10462;11159;697;6.66
PR;Nova Santa Rosa;7626;8322;696;9.13
SC;Urussanga;20223;20919;696;3.44
PB;Caturité;4563;5254;691;15.14
PB;Triunfo;9201;9892;691;7.51
BA;Governador Mangabeira;19916;20605;689;3.46
PA;Rio Maria;17697;18384;687;3.88
MG;Matias Barbosa;13435;14121;686;5.11
GO;Marzagão;2072;2758;686;33.11
RO;Espigão D'Oeste;28729;29414;685;2.38
PR;Prudentópolis;48709;49393;684;1.4
PB;Mogeiro;13219;13899;680;5.14
PR;Quatro Pontes;3803;4480;677;17.8
MS;Dois Irmãos do Buriti;10423;11100;677;6.5
MG;Crucilândia;4757;5434;677;14.23
PB;Boqueirão;16922;17598;676;3.99
MA;Capinzal do Norte;10698;11374;676;6.32
SC;Rio do Oeste;7072;7747;675;9.54
CE;Penaforte;8299;8972;673;8.11
CE;Carnaubal;16537;17210;673;4.07
PI;Nossa Senhora de Nazaré;4556;5228;672;14.75
BA;Serrolândia;12664;13335;671;5.3
SP;Santa Albertina;5723;6393;670;11.71
GO;Vila Propício;5145;5815;670;13.02
SE;Estância;64409;65078;669;1.04
PA;Almeirim;33614;34280;666;1.98
BA;Ibotirama;25645;26309;664;2.59
SC;Irani;9531;10195;664;6.97
SP;Águas de Lindóia;17266;17930;664;3.85
SP;São Roque;78821;79484;663;0.84
SP;Martinópolis;24219;24881;662;2.73
TO;Divinópolis do Tocantins;6363;7024;661;10.39
SP;Marapoama;2633;3292;659;25.03
PB;Sertãozinho;4395;5054;659;14.99
SC;Witmarsum;3596;4255;659;18.33
MG;Estiva;10845;11502;657;6.06
MG;Prados;8391;9048;657;7.83
SE;Frei Paulo;13874;14530;656;4.73
CE;Santana do Acaraú;29972;30628;656;2.19
SP;Pirapozinho;24694;25348;654;2.65
PI;Luzilândia;24721;25375;654;2.65
PR;Porto Rico;2530;3182;652;25.77
MG;Desterro de Entre Rios;7002;7653;651;9.3
MA;Luís Domingues;6510;7161;651;10.0
SE;Feira Nova;5324;5975;651;12.23
BA;Itagi;13152;13803;651;4.95
PR;Entre Rios do Oeste;3926;4575;649;16.53
SE;Santa Luzia do Itanhy;12969;13616;647;4.99
MG;Pedra Bonita;6673;7320;647;9.7
SP;Santo Antônio do Pinhal;6486;7133;647;9.98
PE;São José da Coroa Grande;18180;18825;645;3.55
TO;Aparecida do Rio Negro;4213;4856;643;15.26
RS;Santo Ângelo;76275;76917;642;0.84
BA;Caldeirão Grande;12438;13080;642;5.16
MS;Rochedo;4557;5199;642;14.09
PR;Califórnia;8069;8710;641;7.94
SC;Itá;6426;7067;641;9.98
MG;Lassance;6484;7124;640;9.87
SP;Colômbia;5994;6629;635;10.59
RS;Constantina;9752;10385;633;6.49
CE;Martinópole;10214;10846;632;6.19
MA;Santa Luzia do Paruá;23676;24307;631;2.67
MG;São Tiago;10561;11192;631;5.97
BA;Canápolis;9597;10225;628;6.54
PE;Ibimirim;25965;26593;628;2.42
MG;Catas Altas;4846;5473;627;12.94
PB;Serra Branca;12987;13614;627;4.83
RN;Brejinho;11577;12202;625;5.4
SP;Itirapina;15524;16148;624;4.02
SP;Redenção da Serra;3873;4494;621;16.03
RS;Barão de Cotegipe;6526;7144;618;9.47
TO;Santa Fé do Araguaia;6599;7216;617;9.35
CE;Catunda;9828;10444;616;6.27
PI;Campo Maior;45177;45793;616;1.36
PI;Campo Largo do Piauí;6803;7419;616;9.05
MG;Abre Campo;13311;13927;616;4.63
MG;Bonfim;6818;7434;616;9.03
MG;Congonhal;10468;11083;615;5.88
MG;Coroaci;10270;10884;614;5.98
MG;Alvorada de Minas;3546;4159;613;17.29
RS;Três Coroas;23812;24425;613;2.57
SP;Rifaina;3436;4049;613;17.84
MS;Figueirão;2928;3539;611;20.87
MG;Mirabela;13042;13651;609;4.67
PI;Boa Hora;6296;6902;606;9.63
MG;Bandeira do Sul;5338;5943;605;11.33
BA;Barra do Mendes;13233;13836;603;4.56
PA;Bannach;3431;4031;600;17.49
SC;Tigrinhos;1730;2329;599;34.62
MG;Maripá de Minas;2788;3387;599;21.48
AL;Ouro Branco;10848;11446;598;5.51
MT;Araguaiana;3197;3795;598;18.71
SC;Ipumirim;7220;7816;596;8.25
AL;São José da Tapera;30009;30604;595;1.98
CE;Ararendá;10501;11096;595;5.67
SC;Erval Velho;4290;4885;595;13.87
PR;Japurá;8549;9144;595;6.96
RS;Fazenda Vilanova;3697;4291;594;16.07
MS;Tacuru;10215;10808;593;5.81
RS;Presidente Lucena;2484;3077;593;23.87
PR;Missal;10474;11064;590;5.63
BA;Bonito;15254;15844;590;3.87
TO;Araguatins;31329;31918;589;1.88
SP;São Miguel Arcanjo;31450;32039;589;1.87
ES;São Domingos do Norte;8001;8589;588;7.35
MG;Bom Jesus da Penha;3887;4474;587;15.1
GO;Turvelândia;4399;4985;586;13.32
RN;Upanema;12992;13577;585;4.5
MG;Caldas;13633;14217;584;4.28
TO;Lajeado;2773;3357;584;21.06
AL;Carneiros;8415;8999;584;6.94
BA;Canudos;15522;16105;583;3.76
PA;Primavera;10268;10851;583;5.68
SP;Lavrinhas;6590;7171;581;8.82
MG;Marliéria;4012;4592;580;14.46
MT;Nova Marilândia;2949;3529;580;19.67
SC;Petrolândia;6136;6716;580;9.45
PI;Buriti dos Lopes;19074;19654;580;3.04
SC;Rio dos Cedros;10286;10865;579;5.63
MA;Mirador;20452;21030;578;2.83
MG;Três Marias;28318;28895;577;2.04
SC;Braço do Trombudo;3451;4026;575;16.66
PB;Riachão do Poço;4164;4738;574;13.78
SP;Nuporanga;6817;7391;574;8.42
GO;Cristianópolis;2932;3504;572;19.51
MG;Pedra Azul;23839;24410;571;2.4
MS;Paranhos;12350;12921;571;4.62
MA;Serrano do Maranhão;9632;10202;570;5.92
PE;Chã de Alegria;12414;12984;570;4.59
SP;Macatuba;16259;16829;570;3.51
SP;Guaiçara;10670;11239;569;5.33
MA;Tutóia;52788;53356;568;1.08
ES;Divino de São Lourenço;4516;5083;567;12.56
MG;Japaraíba;3939;4506;567;14.39
GO;Rio Quente;3298;3864;566;17.16
MG;Pedra Dourada;2191;2757;566;25.83
BA;Iuiu;10553;11118;565;5.35
MA;São Benedito do Rio Preto;17799;18364;565;3.17
RR;São Luiz;6750;7315;565;8.37
MT;Colíder;30807;31370;563;1.83
ES;Ibitirama;8957;9520;563;6.29
RN;Carnaúba dos Dantas;7429;7992;563;7.58
RS;Itaara;5010;5572;562;11.22
MG;Imbé de Minas;6424;6986;562;8.75
MA;Água Doce do Maranhão;11581;12142;561;4.84
BA;Belo Campo;17851;18412;561;3.14
PB;Assunção;3594;4152;558;15.53
PR;Tibagi;19403;19961;558;2.88
SP;Alfredo Marcondes;3891;4445;554;14.24
TO;Darcinópolis;5273;5827;554;10.51
PE;Cupira;22964;23518;554;2.41
PB;Baraúna;4210;4762;552;13.11
PA;Faro;8177;8728;551;6.74
MG;Conceição da Aparecida;9820;10371;551;5.61
MG;Monte Alegre de Minas;19619;20170;551;2.81
MA;Formosa da Serra Negra;17169;17719;550;3.2
SP;Santa Ernestina;5568;6118;550;9.88
AC;Rodrigues Alves;14389;14938;549;3.82
GO;Cezarina;7542;8090;548;7.27
PR;Colorado;22349;22896;547;2.45
SP;Taciba;5714;6260;546;9.56
SP;Canas;4385;4931;546;12.45
GO;Serranópolis;7481;8027;546;7.3
ES;Ibiraçu;11178;11723;545;4.88
RS;Tio Hugo;2724;3267;543;19.93
MG;Córrego do Bom Jesus;3730;4272;542;14.53
RS;Terra de Areia;9793;10334;541;5.52
TO;Buriti do Tocantins;9768;10307;539;5.52
PE;Fernando de Noronha;2630;3167;537;20.42
MA;Matões;31638;32174;536;1.69
SC;Rancho Queimado;2744;3279;535;19.5
SP;Monte Aprazível;21746;22280;534;2.46
RN;Grossos;9393;9924;531;5.65
MG;Belo Oriente;23397;23928;531;2.27
SC;Faxinal dos Guedes;10661;11192;531;4.98
SC;Laguna;42255;42785;530;1.25
MG;Carmo do Rio Claro;20426;20954;528;2.58
SP;Pratânia;4599;5126;527;11.46
MG;Ouro Fino;31568;32094;526;1.67
PI;Batalha;25774;26300;526;2.04
TO;Mateiros;2223;2748;525;23.62
PR;Jaboti;4902;5427;525;10.71
MG;Dores do Turvo;4462;4987;525;11.77
PB;Algodão de Jandaíra;2429;2953;524;21.57
GO;Aporé;3803;4325;522;13.73
PI;Cristino Castro;9981;10503;522;5.23
PR;Santa Cruz de Monte Castelo;8092;8613;521;6.44
PI;Bonfim do Piauí;5393;5913;520;9.64
MG;Moema;7028;7548;520;7.4
MG;Careaçu;6298;6816;518;8.22
PB;Marizópolis;6188;6705;517;8.35
MS;Glória de Dourados;9927;10444;517;5.21
RJ;Carapebus;13330;13847;517;3.88
CE;Solonópole;17665;18179;514;2.91
SP;Santa Clara d'Oeste;2084;2598;514;24.66
BA;Baianópolis;13100;13614;514;3.92
TO;Campos Lindos;8139;8653;514;6.32
MG;Lagoa Dourada;12256;12769;513;4.19
CE;Varjota;17593;18105;512;2.91
RN;Bom Jesus;9440;9952;512;5.42
PA;São João do Araguaia;13155;13664;509;3.87
MG;São João Nepomuceno;25057;25565;508;2.03
MG;Gonçalves;4220;4727;507;12.01
GO;Colinas do Sul;3523;4030;507;14.39
SC;Dona Emma;3715;4221;506;13.62
PB;Areial;6624;7128;504;7.61
MG;Entre Rios de Minas;14242;14746;504;3.54
MT;Alto Boa Vista;5212;5715;503;9.65
RS;Horizontina;18348;18851;503;2.74
MG;Conceição dos Ouros;10377;10880;503;4.85
SC;Treze de Maio;6859;7362;503;7.33
MG;Campanha;15433;15935;502;3.25
PI;Curimatá;10768;11270;502;4.66
PI;Cocal dos Alves;5885;6386;501;8.51
MG;Bonito de Minas;9703;10204;501;5.16
BA;Dom Macedo Costa;3907;4407;500;12.8
SP;Itobi;7546;8046;500;6.63
SP;Mirandópolis;27483;27983;500;1.82
MG;Itumirim;6139;6638;499;8.13
PR;Brasilândia do Sul;3209;3708;499;15.55
PR;Doutor Camargo;5828;6327;499;8.56
BA;Quixabeira;8962;9461;499;5.57
MG;Fronteira;14041;14540;499;3.55
PR;Nova Esperança do Sudoeste;5098;5597;499;9.79
MG;Alto Caparaó;5297;5795;498;9.4
GO;Caturaí;4686;5184;498;10.63
MS;Aral Moreira;10251;10748;497;4.85
MA;Boa Vista do Gurupi;7078;7574;496;7.01
MS;Bodoquena;8072;8567;495;6.13
MT;Santo Antônio do Leverger;14751;15246;495;3.36
PB;Maturéia;5939;6433;494;8.32
MG;Curral de Dentro;6913;7406;493;7.13
GO;Taquaral de Goiás;3534;4026;492;13.92
CE;Alcântaras;10877;11369;492;4.52
BA;Retirolândia;13159;13651;492;3.74
GO;Caçu;13283;13774;491;3.7
MT;Nobres;15002;15492;490;3.27
PI;Gilbués;10402;10892;490;4.71
BA;Presidente Dutra;14643;15130;487;3.33
MG;Rosário da Limeira;4247;4734;487;11.47
RJ;Comendador Levy Gasparian;8254;8741;487;5.9
CE;Uruburetama;19703;20189;486;2.47
MG;Senador Firmino;7230;7716;486;6.72
SP;Ilha Solteira;25064;25549;485;1.94
BA;Abaré;17155;17639;484;2.82
GO;Urutaí;3070;3553;483;15.73
SC;São José do Cedro;13684;14167;483;3.53
MS;Terenos;17169;17652;483;2.81
RN;Florânia;9713;10196;483;4.97
MG;Rio Piracicaba;14149;14631;482;3.41
GO;Edéia;11266;11747;481;4.27
MG;Barroso;19599;20080;481;2.45
CE;Palhano;8866;9346;480;5.41
GO;Aparecida do Rio Doce;2427;2907;480;19.78
MA;Conceição do Lago-Açu;14436;14915;479;3.32
MG;Inhaúma;5760;6239;479;8.32
RS;Quaraí;23021;23500;479;2.08
SC;Herval d'Oeste;21246;21724;478;2.25
GO;Damianópolis;3292;3770;478;14.52
SE;Muribeca;7344;7822;478;6.51
PB;Teixeira;14153;14631;478;3.38
SP;Nipoã;4274;4750;476;11.14
MG;São Brás do Suaçuí;3513;3989;476;13.55
PB;Jacaraú;14004;14477;473;3.38
CE;Ocara;24020;24493;473;1.97
CE;Quixeré;20401;20874;473;2.32
BA;Lençóis;10302;10774;472;4.58
RN;Jardim de Piranhas;13506;13977;471;3.49
SP;Santo Antônio da Alegria;6304;6775;471;7.47
ES;São José do Calçado;10408;10878;470;4.52
PI;Brasileira;7966;8436;470;5.9
MA;Governador Newton Bello;10245;10713;468;4.57
GO;Jussara;19153;19620;467;2.44
PA;Mocajuba;26731;27198;467;1.75
MA;São Bernardo;26476;26943;467;1.76
PI;Lagoa do Barro do Piauí;4530;4995;465;10.26
RJ;Guapimirim;51233;51696;463;0.9
PR;São Jorge do Patrocínio;6041;6504;463;7.66
SP;Alumínio;16839;17301;462;2.74
PI;Boqueirão do Piauí;6083;6545;462;7.59
RJ;Magé;227667;228127;460;0.2
TO;Ananás;9865;10325;460;4.66
GO;Itaguari;4503;4963;460;10.22
SP;Cajuru;23371;23830;459;1.96
PB;Uiraúna;14472;14930;458;3.16
PE;Carnaubeira da Penha;11782;12239;457;3.88
PI;Caxingó;5039;5496;457;9.07
SP;Queiroz;2808;3265;457;16.27
MG;Medeiros;3444;3900;456;13.24
SP;Mombuca;3266;3722;456;13.96
MG;São Sebastião do Anta;5739;6194;455;7.93
TO;Formoso do Araguaia;18427;18881;454;2.46
SP;Tupã;63476;63928;452;0.71
PB;Brejo do Cruz;13163;13613;450;3.42
SP;Charqueada;15085;15535;450;2.98
MT;Planalto da Serra;2716;3166;450;16.57
PE;Itaquitinga;16105;16554;449;2.79
SP;Guareí;14565;15013;448;3.08
RS;Getúlio Vargas;16154;16602;448;2.77
SP;Boracéia;4268;4715;447;10.47
PB;Pocinhos;17022;17469;447;2.63
GO;Piranhas;11266;11712;446;3.96
SP;Guararapes;30597;31043;446;1.46
RS;Pinhal;2513;2959;446;17.75
MT;Itaúba;4575;5020;445;9.73
CE;Tabuleiro do Norte;30209;30652;443;1.47
MG;São Roque de Minas;6686;7129;443;6.63
RN;Campo Grande;9289;9730;441;4.75
RS;Vila Flores;3207;3646;439;13.69
PR;Serranópolis do Iguaçu;4568;5007;439;9.61
PB;Esperança;30792;31231;439;1.43
SE;Macambira;6401;6838;437;6.83
MG;Divisa Alegre;5884;6321;437;7.43
MG;Moeda;4689;5125;436;9.3
MG;Guaranésia;18714;19150;436;2.33
MT;Serra Nova Dourada;1365;1800;435;31.87
TO;Pium;6694;7128;434;6.48
PE;Orocó;13180;13613;433;3.29
MG;Inimutaba;6939;7371;432;6.23
PA;Peixe-Boi;7854;8285;431;5.49
MG;Poço Fundo;15959;16390;431;2.7
MG;Chalé;5645;6075;430;7.62
MG;Taquaraçu de Minas;3794;4224;430;11.33
RS;Maquiné;6989;7418;429;6.14
PE;Primavera;13409;13838;429;3.2
SP;Herculândia;8696;9125;429;4.93
CE;Mauriti;45132;45561;429;0.95
TO;Alvorada;8374;8802;428;5.11
PI;Campo Grande do Piauí;5592;6020;428;7.65
MG;Ipaba;16708;17136;428;2.56
MA;São Domingos do Maranhão;33607;34034;427;1.27
SP;Caiuá;5039;5466;427;8.47
RN;Lagoa d'Anta;6227;6654;427;6.86
PB;Riachão do Bacamarte;4264;4690;426;9.99
SP;Itapirapuã Paulista;3880;4306;426;10.98
BA;Conceição da Feira;20375;20800;425;2.09
SP;Palestina;11051;11476;425;3.85
MG;Oratórios;4493;4917;424;9.44
MA;Presidente Dutra;44731;45155;424;0.95
SP;Iacanga;10013;10437;424;4.23
MG;Itamogi;10349;10770;421;4.07
SP;Borebi;2293;2713;420;18.32
RS;Arambaré;3693;4112;419;11.35
GO;Avelinópolis;2450;2868;418;17.06
MS;Japorã;7731;8148;417;5.39
AL;Taquarana;18615;19032;417;2.24
MG;Tarumirim;14293;14709;416;2.91
RS;Cerro Largo;13289;13705;416;3.13
SE;Nossa Senhora das Dores;24580;24996;416;1.69
CE;Croatá;17066;17481;415;2.43
SP;Barão de Antonina;3116;3531;415;13.32
PR;Ivaí;12815;13229;414;3.23
PE;Brejinho;7307;7720;413;5.65
RN;Senador Elói de Souza;5553;5965;412;7.42
BA;Wanderley;12558;12968;410;3.26
CE;Senador Sá;6852;7262;410;5.98
MG;Simão Pereira;2537;2947;410;16.16
CE;Chorozinho;19753;20163;410;2.08
MG;Japonvar;7718;8127;409;5.3
RJ;Varre-Sai;9798;10207;409;4.17
PE;Chã Grande;20137;20546;409;2.03
PB;Cacimbas;6814;7223;409;6.0
SP;Fernando Prestes;5534;5942;408;7.37
SC;Jupiá;2148;2555;407;18.95
MS;Vicentina;5929;6336;407;6.86
TO;Ponte Alta do Tocantins;7180;7586;406;5.65
MA;Fortaleza dos Nogueiras;12234;12640;406;3.32
MG;Santana do Manhuaçu;8582;8987;405;4.72
PR;Cidade Gaúcha;11062;11467;405;3.66
RJ;Areal;11423;11828;405;3.55
ES;Atílio Vivácqua;10135;10540;405;4.0
BA;Nova Fátima;7563;7967;404;5.34
GO;Santa Bárbara de Goiás;5746;6149;403;7.01
RJ;Rio das Flores;8552;8954;402;4.7
SC;Rio Fortuna;4446;4847;401;9.02
SC;Águas Frias;2439;2839;400;16.4
SP;Bocaina;10859;11259;400;3.68
TO;Sandolândia;3326;3723;397;11.94
MA;Olinda Nova do Maranhão;13181;13577;396;3.0
CE;Monsenhor Tabosa;16753;17149;396;2.36
PR;Marilena;6858;7253;395;5.76
MG;Durandé;7423;7817;394;5.31
SP;Silveiras;5792;6186;394;6.8
MT;Ribeirãozinho;2199;2593;394;17.92
MG;Goianá;3659;4053;394;10.77
MG;Inconfidentes;6908;7301;393;5.69
ES;São Gabriel da Palha;31859;32252;393;1.23
RS;Boa Vista do Buricá;6574;6966;392;5.96
PI;Pedro II;37502;37894;392;1.05
PB;Lagoa de Dentro;7428;7819;391;5.26
PR;Guairaçá;6197;6587;390;6.29
BA;Mulungu do Morro;12763;13152;389;3.05
MG;Luz;17486;17875;389;2.22
RS;Camargo;2592;2981;389;15.01
MG;Fortuna de Minas;2705;3093;388;14.34
RN;Major Sales;3536;3924;388;10.97
SP;Campina do Monte Alegre;5567;5954;387;6.95
MG;Ponte Nova;57390;57776;386;0.67
MG;Carandaí;23427;23812;385;1.64
SC;Entre Rios;3018;3402;384;12.72
PB;São José dos Ramos;5508;5891;383;6.95
PR;Campo do Tenente;7125;7508;383;5.38
MA;Axixá;11407;11790;383;3.36
AP;Tartarugalzinho;12563;12945;382;3.04
RS;Paraí;6812;7194;382;5.61
SP;Panorama;14583;14964;381;2.61
RN;Tenente Ananias;9883;10262;379;3.83
MG;Piedade dos Gerais;4640;5019;379;8.17
PI;Dirceu Arcoverde;6675;7054;379;5.68
MG;Rubim;9919;10298;379;3.82
PR;Ângulo;2859;3235;376;13.15
MT;Conquista D'Oeste;3385;3760;375;11.08
ES;Vargem Alta;19188;19563;375;1.95
SC;Anitápolis;3218;3593;375;11.65
SP;Mirassolândia;4295;4669;374;8.71
SP;Guaraci;9976;10350;374;3.75
GO;Campestre de Goiás;3382;3755;373;11.03
MA;Dom Pedro;22681;23053;372;1.64
SP;Itaju;3246;3618;372;11.46
AL;Barra de São Miguel;7574;7944;370;4.89
MS;Anastácio;23744;24114;370;1.56
MG;Jesuânia;4768;5138;370;7.76
TO;Goiatins;12064;12433;369;3.06
RJ;São José de Ubá;6702;7070;368;5.49
CE;Acarape;13661;14027;366;2.68
MG;Dom Joaquim;4535;4899;364;8.03
SP;Quatá;12799;13163;364;2.84
GO;Sanclerlândia;7554;7918;364;4.82
RS;Coronel Barros;2459;2822;363;14.76
MG;Tocantins;15823;16185;362;2.29
GO;Alvorada do Norte;8084;8446;362;4.48
BA;Novo Horizonte;10801;11162;361;3.34
RN;Itajá;6932;7292;360;5.19
PI;Ilha Grande;8914;9274;360;4.04
PB;Bernardino Batista;3145;3504;359;11.41
RJ;Cardoso Moreira;12600;12958;358;2.84
SP;Ribeirão Branco;18269;18627;358;1.96
SP;Zacarias;2335;2692;357;15.29
BA;São José do Jacuípe;9830;10187;357;3.63
SP;Icém;7462;7819;357;4.78
SP;Osvaldo Cruz;30917;31272;355;1.15
SP;Guatapará;6966;7320;354;5.08
MG;Nova União;5555;5909;354;6.37
TO;Barra do Ouro;4123;4476;353;8.56
SP;Rafard;8612;8965;353;4.1
RS;São José do Hortêncio;4094;4447;353;8.62
RJ;Cordeiro;20430;20783;353;1.73
MG;Pouso Alto;6213;6566;353;5.68
SC;Nova Veneza;13312;13664;352;2.64
TO;Sampaio;3864;4215;351;9.08
MT;Santo Antônio do Leste;3748;4099;351;9.36
PR;Pinhalão;6215;6566;351;5.65
SE;Carmópolis;13503;13853;350;2.59
SP;Campos Novos Paulista;4539;4888;349;7.69
SP;Orindiúva;5675;6024;349;6.15
RN;Lagoa de Pedras;6989;7338;349;4.99
TO;São Félix do Tocantins;1437;1783;346;24.08
MA;Presidente Sarney;17165;17511;346;2.02
SC;Pinheiro Preto;3127;3473;346;11.06
AL;Pariconha;10227;10573;346;3.38
RS;Chuí;5917;6262;345;5.83
SC;Cunha Porã;10609;10953;344;3.24
MG;Córrego Fundo;5790;6133;343;5.92
MA;Alto Parnaíba;10766;11109;343;3.19
CE;Pires Ferreira;10263;10606;343;3.34
AM;Codajás;23206;23549;343;1.48
MG;Bocaina de Minas;5007;5348;341;6.81
PB;Malta;5706;6046;340;5.96
PB;Aparecida;7620;7960;340;4.46
PB;Alcantil;5239;5578;339;6.47
SP;Reginópolis;7323;7662;339;4.63
GO;Santa Terezinha de Goiás;10306;10645;339;3.29
PR;Rebouças;14176;14514;338;2.38
MG;Lagoa Grande;8631;8969;338;3.92
MG;São José da Varginha;4198;4536;338;8.05
PB;Juarez Távora;7459;7796;337;4.52
MG;Timóteo;81243;81579;336;0.41
MG;Caiana;4968;5304;336;6.76
PB;Mari;21176;21512;336;1.59
PB;Camalaú;5749;6085;336;5.84
SP;Ribeirão Corrente;4273;4608;335;7.84
TO;Tupirama;1574;1909;335;21.28
RS;Três Palmeiras;4381;4716;335;7.65
SP;Braúna;5021;5356;335;6.67
MG;Rio Pomba;17110;17443;333;1.95
MA;Pirapemas;17381;17714;333;1.92
MG;Guaraciama;4718;5051;333;7.06
PI;Bom Princípio do Piauí;5304;5636;332;6.26
BA;Dom Basílio;11553;11884;331;2.87
RS;Tabaí;4131;4461;330;7.99
PI;Sebastião Leal;4116;4446;330;8.02
BA;Wagner;9173;9503;330;3.6
PR;Nova Olímpia;5503;5833;330;6.0
RN;São Bento do Norte;2975;3304;329;11.06
PR;Campina da Lagoa;15394;15723;329;2.14
GO;Cromínia;3555;3883;328;9.23
MG;Pimenta;8236;8563;327;3.97
RS;Ametista do Sul;7323;7650;327;4.47
RN;São José do Seridó;4231;4558;327;7.73
RN;Arês;12924;13251;327;2.53
AL;Santana do Mundaú;10997;11323;326;2.96
BA;Canavieiras;32357;32683;326;1.01
PB;São Vicente do Seridó;9966;10291;325;3.26
MG;Bicas;13653;13978;325;2.38
PI;Olho D'Água do Piauí;2314;2637;323;13.96
PR;Fernandes Pinheiro;5932;6255;323;5.45
MG;Catuji;6708;7030;322;4.8
TO;Couto Magalhães;5009;5331;322;6.43
RS;São José do Sul;2058;2380;322;15.65
RN;Riachuelo;7067;7389;322;4.56
SP;Corumbataí;3874;4195;321;8.29
SP;Natividade da Serra;6678;6999;321;4.81
ES;Jerônimo Monteiro;11255;11575;320;2.84
PA;Nova Esperança do Piriá;20158;20478;320;1.59
PI;Nossa Senhora dos Remédios;8206;8525;319;3.89
MG;Resende Costa;10913;11230;317;2.9
SE;Telha;2957;3274;317;10.72
RS;Pantano Grande;9895;10212;317;3.2
PB;Pombal;32157;32473;316;0.98
PI;Monte Alegre do Piauí;10345;10660;315;3.04
PE;Camocim de São Félix;17104;17419;315;1.84
PR;Nova Laranjeiras;11759;12074;315;2.68
GO;Nazário;7874;8189;315;4.0
MG;São Sebastião da Vargem Alegre;2798;3113;315;11.26
PI;Bela Vista do Piauí;3778;4091;313;8.28
GO;Gameleira de Goiás;3143;3456;313;9.96
MS;Laguna Carapã;6486;6799;313;4.83
PB;Lastro;2850;3162;312;10.95
SP;Paulistânia;1779;2090;311;17.48
TO;Monte Santo do Tocantins;2085;2396;311;14.92
MG;Aimorés;24959;25269;310;1.24
RS;Nova Candelária;2751;3061;310;11.27
MG;Urucânia;10291;10600;309;3.0
PI;Anísio de Abreu;9098;9407;309;3.4
SE;Santana do São Francisco;7038;7346;308;4.38
RS;Morro Reuter;5722;6029;307;5.37
MG;Santa Bárbara do Monte Verde;2788;3095;307;11.01
PI;Coivaras;3811;4117;306;8.03
SP;Ipuã;14148;14454;306;2.16
SP;Mira Estrela;2820;3126;306;10.85
SP;São José do Rio Pardo;51900;52205;305;0.59
PE;Condado;24282;24587;305;1.26
RS;Westfália;2793;3098;305;10.92
MG;Itutinga;3913;4217;304;7.77
SP;Buritizal;4053;4356;303;7.48
MG;Aguanil;4054;4357;303;7.47
RN;Vila Flor;2872;3174;302;10.52
SP;Lindóia;6712;7014;302;4.5
SP;Macedônia;3664;3963;299;8.16
BA;Igaporã;15229;15527;298;1.96
SC;Guaraciaba;10498;10796;298;2.84
PR;Novo Itacolomi;2827;3125;298;10.54
PI;Geminiano;5148;5445;297;5.77
SP;Analândia;4293;4589;296;6.89
SC;Planalto Alegre;2650;2946;296;11.17
RJ;Sumidouro;14911;15206;295;1.98
GO;Palminópolis;3556;3851;295;8.3
MG;Piracema;6406;6700;294;4.59
PI;Joca Marques;5100;5394;294;5.76
MG;Pratinha;3265;3559;294;9.0
RS;Novo Barreiro;3978;4272;294;7.39
PR;São Jorge d'Oeste;9085;9378;293;3.23
AP;Serra do Navio;4380;4673;293;6.69
PR;Sertanópolis;15638;15930;292;1.87
CE;Quiterianópolis;19921;20213;292;1.47
MG;Rio Manso;5276;5568;292;5.53
BA;Boninal;13330;13622;292;2.19
SC;Abelardo Luz;17100;17392;292;1.71
RN;Rio do Fogo;10059;10351;292;2.9
RS;Brochier;4675;4966;291;6.22
CE;Capistrano;16963;17254;291;1.72
MG;Patrocínio do Muriaé;5287;5576;289;5.47
SP;Arealva;7841;8130;289;3.69
PA;Inhangapi;10037;10325;288;2.87
MG;Madre de Deus de Minas;4904;5191;287;5.85
RN;São Francisco do Oeste;3874;4161;287;7.41
MG;Borda da Mata;17118;17404;286;1.67
MG;Pingo-d'Água;4420;4706;286;6.47
RS;Capitão;2636;2921;285;10.81
TO;Bandeirantes do Tocantins;3122;3407;285;9.13
SP;Anhumas;3738;4023;285;7.62
MG;Virgínia;8623;8908;285;3.31
PI;Cabeceiras do Piauí;9928;10212;284;2.86
SP;Gavião Peixoto;4419;4702;283;6.4
PB;Pilõezinhos;5046;5329;283;5.61
PI;Lagoinha do Piauí;2656;2939;283;10.66
SC;Imbuia;5699;5982;283;4.97
SC;Tunápolis;4633;4916;283;6.11
MG;Chácara;2792;3075;283;10.14
MT;Luciara;2227;2509;282;12.66
RN;São Vicente;6028;6310;282;4.68
PI;Conceição do Canindé;4650;4932;282;6.06
PE;Glória do Goitá;29065;29347;282;0.97
BA;Itaquara;7871;8153;282;3.58
MG;Bom Jardim de Minas;6501;6783;282;4.34
PB;Matinhas;4290;4571;281;6.55
RN;Portalegre;7320;7601;281;3.84
BA;Uruçuca;21140;21420;280;1.32
PR;Munhoz de Melo;3672;3951;279;7.6
SP;Paraibuna;17388;17667;279;1.6
MA;Pindaré-Mirim;31152;31429;277;0.89
PB;Ingá;17415;17692;277;1.59
MG;Turvolândia;4658;4935;277;5.95
RS;Santa Maria do Herval;6063;6340;277;4.57
MG;Passa Tempo;8197;8473;276;3.37
RS;São Vendelino;1975;2251;276;13.97
CE;Ibicuitinga;11335;11611;276;2.43
SP;Santa Cruz da Conceição;4002;4277;275;6.87
RN;Ipanguaçu;13856;14131;275;1.98
PR;Prado Ferreira;3434;3709;275;8.01
SP;Iguape;28841;29115;274;0.95
GO;Professor Jamil;3375;3649;274;8.12
PR;Mallet;13156;13428;272;2.07
PI;Alvorada do Gurguéia;5050;5322;272;5.39
PR;Nova Santa Bárbara;3912;4184;272;6.95
SP;Bilac;7048;7319;271;3.85
PE;Dormentes;16917;17188;271;1.6
ES;Água Doce do Norte;11771;12042;271;2.3
PE;Buenos Aires;12537;12808;271;2.16
TO;Bom Jesus do Tocantins;3768;4038;270;7.17
SC;Jaborá;4041;4310;269;6.66
PE;Ingazeira;4496;4765;269;5.98
PI;Marcos Parente;4456;4724;268;6.01
GO;Edealina;3733;4001;268;7.18
ES;Laranja da Terra;10826;11094;268;2.48
SP;Aramina;5152;5420;268;5.2
PR;Santana do Itararé;5249;5514;265;5.05
SP;Indiana;4825;5090;265;5.49
GO;São Francisco de Goiás;6114;6378;264;4.32
SP;Salto Grande;8787;9050;263;2.99
TO;Marianópolis do Tocantins;4352;4615;263;6.04
SP;Pirangi;10623;10885;262;2.47
MG;Eugenópolis;10540;10801;261;2.48
CE;Antonina do Norte;6984;7245;261;3.74
SC;Rio do Campo;6192;6452;260;4.2
MT;Arenápolis;10316;10576;260;2.52
PB;Riacho de Santo Antônio;1696;1955;259;15.27
TO;Santa Tereza do Tocantins;2523;2781;258;10.23
SP;Jumirim;2798;3056;258;9.22
SC;Nova Itaberaba;4278;4536;258;6.03
RS;Quinze de Novembro;3653;3910;257;7.04
MG;Conceição do Pará;5158;5415;257;4.98
ES;Conceição do Castelo;11681;11937;256;2.19
SC;Treviso;3527;3782;255;7.23
MA;Junco do Maranhão;4891;5146;255;5.21
GO;Inaciolândia;5699;5954;255;4.47
MG;Datas;5211;5465;254;4.87
PB;Riacho dos Cavalos;8239;8493;254;3.08
MG;Ribeirão Vermelho;3826;4080;254;6.64
SC;Campo Erê;9370;9623;253;2.7
RN;Baía Formosa;8573;8825;252;2.94
MG;Senador Cortes;1988;2240;252;12.68
MG;Vazante;19723;19975;252;1.28
BA;Conde;23403;23654;251;1.07
SC;Bom Jesus;2526;2777;251;9.94
RO;São Francisco do Guaporé;16035;16286;251;1.57
TO;Cariri do Tocantins;3756;4007;251;6.68
AL;Monteirópolis;6934;7184;250;3.61
SC;Arvoredo;2260;2510;250;11.06
PI;Caridade do Piauí;4783;5033;250;5.23
MG;Taparuba;3137;3387;250;7.97
MG;São Tomé das Letras;6655;6904;249;3.74
PI;Lagoa Alegre;8008;8256;248;3.1
PE;Santa Cruz;13594;13841;247;1.82
TO;Caseara;4601;4847;246;5.35
PB;Congo;4687;4933;246;5.25
PR;Alto Paraná;13663;13909;246;1.8
RS;Santa Margarida do Sul;2352;2596;244;10.37
MG;Santa Cruz de Minas;7865;8109;244;3.1
MA;Carolina;23818;24062;244;1.02
SP;Cunha;21866;22110;244;1.12
PR;Catanduvas;10202;10446;244;2.39
PI;Bertolínia;5319;5562;243;4.57
PB;Cabaceiras;5092;5335;243;4.77
SP;Lagoinha;4841;5083;242;5.0
CE;Iracema;13760;14001;241;1.75
MT;Ponte Branca;1768;2008;240;13.57
MG;Natalândia;3280;3520;240;7.32
PB;Santa Luzia;14719;14959;240;1.63
CE;Ibiapina;23726;23965;239;1.01
SP;Nova Granada;19180;19419;239;1.25
MA;Afonso Cunha;5905;6144;239;4.05
ES;Vila Pavão;8672;8911;239;2.76
SC;Bandeirante;2906;3144;238;8.19
PR;Piraí do Sul;23413;23651;238;1.02
RJ;Tanguá;30848;31086;238;0.77
AL;Lagoa da Canoa;18219;18457;238;1.31
MG;Pedra do Indaiá;3875;4112;237;6.12
BA;Saubara;11201;11438;237;2.12
BA;Várzea Nova;13141;13377;236;1.8
PB;Barra de São Miguel;5671;5906;235;4.14
PE;Brejão;8844;9079;235;2.66
PR;São Carlos do Ivaí;6354;6587;233;3.67
BA;Ichu;5957;6190;233;3.91
MG;Marmelópolis;2968;3200;232;7.82
SP;Pompéia;19964;20196;232;1.16
PR;Paula Freitas;5434;5666;232;4.27
PR;Pitangueiras;2814;3046;232;8.24
RS;São Pedro da Serra;3316;3548;232;7.0
SP;Piacatu;5287;5519;232;4.39
MG;Santo Antônio do Aventureiro;3538;3769;231;6.53
SP;Ribeirão do Sul;4446;4677;231;5.2
PB;Juazeirinho;16776;17007;231;1.38
PB;Passagem;2233;2463;230;10.3
PI;Curralinhos;4183;4413;230;5.5
MS;Douradina;5349;5578;229;4.28
SP;Pedranópolis;2558;2787;229;8.95
RS;Barra do Quaraí;4012;4241;229;5.71
CE;Ipaporanga;11347;11575;228;2.01
MG;Fama;2350;2578;228;9.7
MA;São João dos Patos;24793;25020;227;0.92
BA;Nova Itarana;7554;7780;226;2.99
MG;Santa Rita de Minas;6547;6773;226;3.45
RS;Machadinho;5510;5735;225;4.08
MG;Itueta;5830;6055;225;3.86
MS;Coronel Sapucaia;14064;14289;225;1.6
SC;Bocaina do Sul;3290;3515;225;6.84
MG;Nazareno;7954;8179;225;2.83
MT;Nova Monte Verde;8089;8313;224;2.77
PR;Florestópolis;11222;11446;224;2.0
BA;Medeiros Neto;21971;22194;223;1.01
MA;Senador La Rocque;14479;14700;221;1.53
PR;Lupionópolis;4592;4813;221;4.81
MS;Coxim;31930;32151;221;0.69
SP;João Ramalho;4150;4371;221;5.33
SP;Cândido Rodrigues;2668;2889;221;8.28
GO;São Luiz do Norte;4617;4837;220;4.76
CE;Itaiçaba;7316;7536;220;3.01
RN;Passagem;2895;3115;220;7.6
RS;Entre-Ijuís;8938;9158;220;2.46
PB;Cubati;7361;7580;219;2.98
RN;Carnaubais;9495;9714;219;2.31
SC;Ermo;2050;2269;219;10.68
PB;São João do Rio do Peixe;17746;17964;218;1.23
MG;São Domingos das Dores;5408;5626;218;4.03
MG;Sericita;7128;7345;217;3.04
PI;Cocal de Telha;4694;4911;217;4.62
PR;Tamboara;4664;4880;216;4.63
PI;Madeiro;7816;8032;216;2.76
SP;Paranapuã;3815;4031;216;5.66
TO;Muricilândia;3152;3367;215;6.82
SC;São João do Oeste;6080;6295;215;3.54
CE;Aracoiaba;25338;25553;215;0.85
RS;Antônio Prado;12831;13045;214;1.67
MS;Sete Quedas;10780;10994;214;1.99
RN;Ouro Branco;4699;4913;214;4.55
RS;Picada Café;5138;5351;213;4.15
RS;São Luiz Gonzaga;34540;34752;212;0.61
SC;Lajeado Grande;1490;1702;212;14.23
PI;Simões;14138;14350;212;1.5
SP;Santa Branca;13763;13975;212;1.54
RS;Nicolau Vergueiro;1721;1932;211;12.26
PI;Fartura do Piauí;5074;5284;210;4.14
MG;Vermelho Novo;4689;4899;210;4.48
RN;Felipe Guerra;5734;5944;210;3.66
SC;Imaruí;11673;11881;208;1.78
RS;Salvador das Missões;2669;2877;208;7.79
MA;Loreto;11390;11597;207;1.82
TO;Novo Acordo;3762;3969;207;5.5
PE;Exu;31636;31843;207;0.65
PI;Capitão de Campos;10894;11100;206;1.89
SC;Princesa;2758;2964;206;7.47
RS;São José do Inhacorá;2200;2406;206;9.36
GO;Cabeceiras;7354;7560;206;2.8
PI;Betânia do Piauí;6015;6220;205;3.41
GO;Corumbá de Goiás;10357;10562;205;1.98
SC;Coronel Freitas;10184;10388;204;2.0
TO;Paranã;10338;10542;204;1.97
CE;Moraújo;8050;8254;204;2.53
RN;Viçosa;1618;1822;204;12.61
SC;Caxambu do Sul;4411;4614;203;4.6
SP;Paraíso;5898;6099;201;3.41
PR;Lobato;4401;4601;200;4.54
PI;Aroeiras do Itaim;2490;2690;200;8.03
SC;Apiúna;9611;9811;200;2.08
BA;Botuporã;10824;11024;200;1.85
MG;Senador José Bento;1868;2068;200;10.71
PI;Vera Mendes;2986;3185;199;6.66
MT;Santa Terezinha;7397;7596;199;2.69
ES;Dores do Rio Preto;6397;6596;199;3.11
SP;Santa Salete;1447;1645;198;13.68
MG;Alterosa;13717;13915;198;1.44
RS;São Pedro do Butiá;2873;3070;197;6.86
SP;Poloni;5395;5592;197;3.65
PB;Itatuba;10302;10499;197;1.91
BA;Potiraguá;10077;10274;197;1.95
SP;Santo Expedito;2803;3000;197;7.03
SC;Dionísio Cerqueira;14811;15008;197;1.33
SC;São Martinho;3209;3405;196;6.11
PI;Tamboril do Piauí;2753;2949;196;7.12
SP;Rio Grande da Serra;43974;44170;196;0.45
SC;Flor do Sertão;1588;1783;195;12.28
SC;Luzerna;5600;5794;194;3.46
RS;Nova Esperança do Sul;4671;4865;194;4.15
SP;Itaoca;3228;3422;194;6.01
PB;Soledade;13774;13968;194;1.41
BA;Aracatu;13743;13936;193;1.4
MA;Bernardo do Mearim;5647;5840;193;3.42
ES;Águia Branca;9519;9711;192;2.02
RS;Vila Maria;4221;4413;192;4.55
PI;Queimada Nova;8546;8738;192;2.25
GO;Cavalcante;9392;9583;191;2.03
MG;São Sebastião do Rio Verde;2110;2300;190;9.0
SP;Santa Rita d'Oeste;2543;2733;190;7.47
RS;Água Santa;3722;3912;190;5.1
PB;São Bentinho;4138;4327;189;4.57
SE;Gracho Cardoso;5645;5834;189;3.35
GO;Santa Fé de Goiás;4762;4951;189;3.97
SE;Santa Rosa de Lima;3749;3937;188;5.01
MG;Senhora dos Remédios;10196;10384;188;1.84
SC;Palmeira;2373;2561;188;7.92
GO;Mairipotaba;2374;2561;187;7.88
SC;Paraíso;4080;4267;187;4.58
MG;Peçanha;17260;17446;186;1.08
PI;Monsenhor Hipólito;7391;7577;186;2.52
SC;Santiago do Sul;1465;1651;186;12.7
GO;Britânia;5509;5695;186;3.38
MG;Pequeri;3165;3351;186;5.88
PI;Avelino Lopes;10681;10866;185;1.73
TO;Abreulândia;2391;2576;185;7.74
MG;Coronel Xavier Chaves;3301;3486;185;5.6
SC;Arabutã;4193;4378;185;4.41
PB;São Miguel de Taipu;6881;7066;185;2.69
MA;Esperantinópolis;18126;18311;185;1.02
SP;Balbinos;3702;3887;185;5.0
PR;Bom Jesus do Sul;3796;3980;184;4.85
GO;Nova Iguaçu de Goiás;2826;3010;184;6.51
MG;São João da Mata;2731;2914;183;6.7
PR;Cafezal do Sul;4290;4473;183;4.27
SC;Chapadão do Lageado;2767;2950;183;6.61
SP;Santo Antônio do Jardim;5943;6126;183;3.08
AL;Cacimbinhas;10300;10482;182;1.77
SC;Benedito Novo;10338;10520;182;1.76
MA;São Francisco do Maranhão;11883;12064;181;1.52
RS;Alto Feliz;2891;3072;181;6.26
RN;Alto do Rodrigues;12305;12484;179;1.45
MG;Monsenhor Paulo;8161;8340;179;2.19
SP;Lucélia;19882;20061;179;0.9
RS;Selbach;4929;5107;178;3.61
PB;Sossêgo;3169;3345;176;5.55
SC;Timbó Grande;7167;7342;175;2.44
MG;Rochedo de Minas;2116;2291;175;8.27
RN;Lajes Pintadas;4612;4787;175;3.79
SC;Urupema;2482;2656;174;7.01
MG;Cabeceira Grande;6453;6627;174;2.7
MT;Porto dos Gaúchos;5420;5593;173;3.19
GO;Buriti de Goiás;2560;2732;172;6.72
GO;Itapirapuã;7835;8007;172;2.2
SE;Japoatã;13236;13407;171;1.29
MG;Maravilhas;7163;7333;170;2.37
PR;São Pedro do Paraná;2491;2661;170;6.82
RN;Santana do Seridó;2526;2696;170;6.73
PI;São Francisco de Assis do Piauí;5402;5572;170;3.15
SP;Quadra;3236;3405;169;5.22
TO;Rio dos Bois;2570;2738;168;6.54
MG;Conquista;6526;6694;168;2.57
SP;Ocauçu;4163;4331;168;4.04
PI;Matias Olímpio;10473;10641;168;1.6
BA;Santanópolis;8549;8716;167;1.95
MG;São João da Lagoa;4656;4822;166;3.57
MG;Cônego Marinho;7071;7237;166;2.35
TO;Chapada de Areia;1335;1501;166;12.43
SP;Cássia dos Coqueiros;2634;2799;165;6.26
MG;Luminárias;5422;5586;164;3.02
SP;Américo de Campos;5706;5870;164;2.87
SC;Paial;1763;1927;164;9.3
MG;Cristina;10210;10374;164;1.61
PB;Várzea;2504;2668;164;6.55
MG;Bela Vista de Minas;10004;10167;163;1.63
SP;Santa Cruz da Esperança;1953;2116;163;8.35
RS;Chapada;9377;9540;163;1.74
SP;Coroados;5238;5400;162;3.09
MG;Ibertioga;5036;5198;162;3.22
MG;São José do Mantimento;2592;2753;161;6.21
AM;Atalaia do Norte;15153;15314;161;1.06
MG;Descoberto;4768;4928;160;3.36
BA;Lajedão;3685;3845;160;4.34
SP;Jaboticabal;71662;71821;159;0.22
SP;Monte Castelo;4063;4222;159;3.91
MG;Carmésia;2446;2605;159;6.5
SP;Capão Bonito;46178;46337;159;0.34
MG;Santa Rosa da Serra;3224;3382;158;4.9
SP;Álvaro de Carvalho;4650;4808;158;3.4
PR;Turvo;14074;14231;157;1.12
RN;Jundiá;3582;3739;157;4.38
PB;Boa Vista;6221;6377;156;2.51
PI;Porto;11897;12052;155;1.3
RO;Rio Crespo;3316;3471;155;4.67
PI;Angical do Piauí;6672;6827;155;2.32
MG;Passa Vinte;2079;2233;154;7.41
RS;Poço das Antas;2017;2171;154;7.64
PB;Tenório;2813;2966;153;5.44
RS;Taquaruçu do Sul;2966;3119;153;5.16
PB;Zabelê;2075;2228;153;7.37
MG;Silvianópolis;6027;6179;152;2.52
BA;Contendas do Sincorá;4181;4333;152;3.64
PR;Ibema;6066;6218;152;2.51
PR;Santa Isabel do Ivaí;8760;8912;152;1.74
PR;Icaraíma;8839;8991;152;1.72
MG;Porto Firme;10417;10569;152;1.46
MG;Cachoeira de Pajeú;8959;9110;151;1.69
RN;Caraúbas;19576;19727;151;0.77
PB;Junco do Seridó;6643;6793;150;2.26
PI;Currais;4704;4854;150;3.19
MG;Areado;13731;13881;150;1.09
GO;São Patrício;1993;2143;150;7.53
PR;Indianópolis;4299;4448;149;3.47
PB;Amparo;2085;2234;149;7.15
MA;Matinha;21885;22034;149;0.68
SC;Vitor Meireles;5222;5370;148;2.83
RS;Mariana Pimentel;3768;3916;148;3.93
PB;Serra Grande;2794;2942;148;5.3
BA;Tucano;48589;48736;147;0.3
PB;São Sebastião de Lagoa de Roça;10893;11040;147;1.35
RJ;Macuco;5269;5415;146;2.77
RN;Espírito Santo;10475;10620;145;1.38
MG;Santo Antônio do Grama;4085;4229;144;3.53
RS;Tapera;10448;10592;144;1.38
BA;São Gabriel;18456;18600;144;0.78
PB;São Domingos do Cariri;2441;2585;144;5.9
RS;Roca Sales;10275;10418;143;1.39
SP;Cajati;28372;28515;143;0.5
RS;Riozinho;4330;4473;143;3.3
PI;Barra D'Alcântara;3852;3995;143;3.71
MG;São João do Manteninha;5188;5331;143;2.76
BA;Cafarnaum;17324;17466;142;0.82
PI;Várzea Branca;4913;5055;142;2.89
MG;Bugre;3900;4041;141;3.62
BA;Aratuípe;8536;8677;141;1.65
RN;Senador Georgino Avelino;3924;4065;141;3.59
MG;Bom Jesus do Amparo;5491;5631;140;2.55
RS;Lagoa dos Três Cantos;1598;1738;140;8.76
ES;Governador Lindenberg;10869;11009;140;1.29
MA;Bom Jesus das Selvas;28459;28599;140;0.49
PI;Belém do Piauí;3284;3423;139;4.23
SP;São João do Pau d'Alho;2103;2242;139;6.61
SC;Iomerê;2739;2877;138;5.04
PA;Terra Alta;10262;10400;138;1.34
SP;Trabiju;1544;1682;138;8.94
BA;Várzea da Roça;13663;13800;137;1.0
MG;São José do Alegre;3996;4133;137;3.43
MG;Resplendor;17089;17226;137;0.8
BA;Catolândia;3297;3434;137;4.16
MA;Nova Colinas;4885;5021;136;2.78
MG;São Bento Abade;4577;4713;136;2.97
SP;Uru;1251;1387;136;10.87
GO;Lagoa Santa;1254;1390;136;10.85
PR;Pinhal de São Bento;2625;2761;136;5.18
SC;Urubici;10699;10834;135;1.26
PA;Piçarra;12697;12832;135;1.06
MA;Lajeado Novo;6923;7057;134;1.94
PR;Quedas do Iguaçu;30605;30738;133;0.43
RN;Alexandria;13507;13640;133;0.98
RS;Lagoa Vermelha;27527;27659;132;0.48
RS;Salvador do Sul;6747;6879;132;1.96
SP;Indiaporã;3903;4035;132;3.38
PR;Itambé;5979;6111;132;2.21
MG;Silveirânia;2192;2323;131;5.98
PR;Japira;4841;4972;131;2.71
TO;Nazaré;4390;4521;131;2.98
RS;Barra Funda;2367;2498;131;5.53
PB;Picuí;18202;18333;131;0.72
PA;Floresta do Araguaia;17768;17898;130;0.73
PB;Vista Serrana;3511;3641;130;3.7
MA;Santo Amaro do Maranhão;13820;13949;129;0.93
BA;Gentio do Ouro;10755;10884;129;1.2
MG;Santa Rita do Itueto;5697;5826;129;2.26
RS;Arvorezinha;10194;10322;128;1.26
PB;São José do Sabugi;4010;4138;128;3.19
RS;Mampituba;3003;3131;128;4.26
MG;Pains;8014;8142;128;1.6
TO;Oliveira de Fátima;1037;1164;127;12.25
PR;São José das Palmeiras;3830;3957;127;3.32
SP;Itaberá;17858;17983;125;0.7
SP;Santa Mercedes;2831;2956;125;4.42
BA;Muniz Ferreira;7065;7190;125;1.77
BA;Lafaiete Coutinho;3950;4075;125;3.16
SC;Pedras Grandes;4120;4245;125;3.03
SC;Rio das Antas;6129;6253;124;2.02
MT;Comodoro;18114;18238;124;0.68
PI;Pau D'Arco do Piauí;3757;3880;123;3.27
SE;Malhada dos Bois;3456;3579;123;3.56
RS;Nova Roma do Sul;3343;3466;123;3.68
SP;Lucianópolis;2249;2372;123;5.47
PR;Juranda;7649;7771;122;1.59
MG;Ewbank da Câmara;3753;3875;122;3.25
PI;São Gonçalo do Gurguéia;2825;2947;122;4.32
SC;Morro Grande;2890;3010;120;4.15
PR;Espigão Alto do Iguaçu;4677;4797;120;2.57
BA;Santa Luzia;13776;13896;120;0.87
RN;Serrinha dos Pintos;4540;4659;119;2.62
RS;Campos Borges;3494;3613;119;3.41
SC;Salete;7370;7489;119;1.61
PB;Remígio;17766;17885;119;0.67
SP;Arco-Íris;1925;2044;119;6.18
RS;Pinhal da Serra;2130;2248;118;5.54
BA;Floresta Azul;10941;11059;118;1.08
MG;Olhos-d'Água;5267;5385;118;2.24
SP;Viradouro;17297;17414;117;0.68
ES;Alto Rio Novo;7317;7434;117;1.6
PB;Caldas Brandão;5637;5753;116;2.06
PI;São Pedro do Piauí;13639;13755;116;0.85
MG;Claraval;4542;4658;116;2.55
SE;São Francisco;3127;3243;116;3.71
CE;Jucás;23807;23922;115;0.48
RS;Pinto Bandeira;2609;2723;114;4.37
RS;Lajeado do Bugre;2487;2601;114;4.58
PI;Colônia do Gurguéia;6036;6150;114;1.89
PI;Antônio Almeida;3039;3152;113;3.72
PI;Inhuma;14845;14958;113;0.76
PE;Granito;6855;6967;112;1.63
MG;Presidente Kubitschek;2959;3071;112;3.79
SP;Dolcinópolis;2096;2207;111;5.3
SP;Flórida Paulista;12848;12958;110;0.86
CE;Novo Oriente;27435;27545;110;0.4
PR;Flórida;2543;2652;109;4.29
PR;Pranchita;5628;5737;109;1.94
RS;Sentinela do Sul;5198;5306;108;2.08
PR;Rondon;8989;9097;108;1.2
SC;Angelina;5250;5358;108;2.06
SE;General Maynard;2929;3037;108;3.69
GO;Jandaia;6164;6272;108;1.75
BA;Malhada de Pedras;8563;8670;107;1.25
PI;Jerumenha;4390;4497;107;2.44
PI;Caracol;10212;10318;106;1.04
PI;Caraúbas do Piauí;5525;5630;105;1.9
PR;Miraselva;1862;1966;104;5.59
PR;Mariópolis;6268;6371;103;1.64
MS;Taquarussu;3522;3625;103;2.92
MA;Ribamar Fiquene;7318;7420;102;1.39
SC;Vargeão;3532;3634;102;2.89
RS;Santo Antônio do Planalto;1987;2089;102;5.13
SP;Borá;805;907;102;12.67
MG;Jaguaraçu;2990;3092;102;3.41
RN;Jucurutu;17692;17793;101;0.57
MG;Carrancas;3948;4049;101;2.56
MG;Dom Viçoso;2994;3095;101;3.37
RS;Capivari do Sul;3890;3991;101;2.6
GO;Morro Agudo de Goiás;2356;2456;100;4.24
SP;Sebastianópolis do Sul;3031;3130;99;3.27
SE;Brejo Grande;7742;7841;99;1.28
GO;Três Ranchos;2822;2921;99;3.51
PI;Amarante;17135;17234;99;0.58
PB;Alagoinha;13627;13725;98;0.72
GO;Aragarças;18292;18390;98;0.54
SC;Doutor Pedrinho;3539;3637;98;2.77
SP;Chavantes;12114;12211;97;0.8
BA;Andaraí;12983;13080;97;0.75
RN;Pedra Grande;3521;3618;97;2.75
MG;Fervedouro;10349;10445;96;0.93
PR;Marumbi;4603;4699;96;2.09
PI;Capitão Gervásio Oliveira;3878;3974;96;2.48
TO;Luzinópolis;2622;2717;95;3.62
PR;Formosa do Oeste;7541;7635;94;1.25
MT;Torixoréu;4071;4164;93;2.28
SP;Fernão;1563;1656;93;5.95
PI;Ipiranga do Piauí;9327;9420;93;1.0
MG;Dona Euzébia;6001;6093;92;1.53
MG;Arantina;2823;2915;92;3.26
CE;Jati;7769;7861;92;1.18
PR;Tupãssi;7985;8077;92;1.15
MG;Carmo da Mata;10927;11019;92;0.84
TO;Santa Rita do Tocantins;2128;2219;91;4.28
PI;São Miguel do Tapuio;17463;17554;91;0.52
RN;São Fernando;3401;3492;91;2.68
CE;Barroquinha;14476;14567;91;0.63
SC;Caibi;6214;6304;90;1.45
SC;Salto Veloso;4301;4390;89;2.07
PI;Curral Novo do Piauí;4984;5073;89;1.79
RS;Erebango;2965;3054;89;3.0
RN;Doutor Severiano;6956;7044;88;1.27
MG;Divisa Nova;5763;5851;88;1.53
MG;Canaã;4628;4715;87;1.88
PR;Ramilândia;4134;4221;87;2.1
GO;Faina;6983;7070;87;1.25
SP;Guaimbê;5425;5512;87;1.6
TO;Combinado;4669;4756;87;1.86
PR;Barra do Jacaré;2727;2814;87;3.19
RN;Messias Targino;4188;4274;86;2.05
PR;Bela Vista da Caroba;3945;4031;86;2.18
GO;São João da Paraúna;1688;1774;86;5.09
TO;Santa Rosa do Tocantins;4568;4653;85;1.86
RN;Santa Maria;4762;4847;85;1.78
CE;Caririaçu;26236;26320;84;0.32
RN;Cerro Corá;10916;11000;84;0.77
RN;Fernando Pedroza;2854;2938;84;2.94
SC;Cunhataí;1884;1968;84;4.46
GO;Sítio d'Abadia;2843;2927;84;2.95
RS;Mato Castelhano;2470;2553;83;3.36
RN;Angicos;11549;11632;83;0.72
MG;Cruzeiro da Fortaleza;3438;3521;83;2.41
PI;São Gonçalo do Piauí;4754;4837;83;1.75
MG;Água Comprida;2025;2108;83;4.1
SP;Tabatinga;14686;14769;83;0.57
PB;Gurjão;3159;3242;83;2.63
SP;Sarutaiá;3622;3704;82;2.26
RS;Caraá;7312;7394;82;1.12
PB;Damião;4900;4982;82;1.67
RS;Nova Boa Vista;1960;2042;82;4.18
MG;Juvenília;5708;5789;81;1.42
MA;Sambaíba;5487;5568;81;1.48
PI;Várzea Grande;4336;4417;81;1.87
SC;Formosa do Sul;2601;2682;81;3.11
RS;Imigrante;3000;3080;80;2.67
PR;Jussara;6610;6690;80;1.21
MG;Serrania;7542;7621;79;1.05
MG;Pequi;4076;4155;79;1.94
SP;Sagres;2395;2474;79;3.3
PI;Santo Antônio dos Milagres;2059;2138;79;3.84
MG;Alto Jequitibá;8318;8397;79;0.95
MT;União do Sul;3760;3838;78;2.07
AL;Olho d'Água das Flores;20617;20695;78;0.38
TO;Miranorte;12623;12701;78;0.62
GO;Nova América;2259;2337;78;3.45
SC;Timbé do Sul;5308;5386;78;1.47
RS;Monte Alegre dos Campos;3102;3180;78;2.51
BA;Antônio Gonçalves;10785;10862;77;0.71
SP;Duartina;12251;12328;77;0.63
PR;Kaloré;4506;4582;76;1.69
TO;Taipas do Tocantins;1945;2021;76;3.91
GO;Ipiranga de Goiás;2843;2919;76;2.67
PB;Desterro;7991;8067;76;0.95
SP;Ubarana;5289;5365;76;1.44
SE;Aquidabã;20056;20131;75;0.37
PR;Faxinal;16314;16389;75;0.46
CE;Ipaumirim;12009;12083;74;0.62
SE;Rosário do Catete;9221;9295;74;0.8
SP;Águas de São Pedro;2707;2780;73;2.7
CE;Poranga;11992;12065;73;0.61
RS;Barra do Guarita;3089;3161;72;2.33
MA;Sítio Novo;17002;17074;72;0.42
MG;Aiuruoca;6162;6233;71;1.15
PR;Lapa;44932;45003;71;0.16
PE;Carnaíba;18574;18644;70;0.38
MG;Sapucaí-Mirim;6241;6311;70;1.12
TO;Porto Alegre do Tocantins;2796;2866;70;2.5
PI;Joaquim Pires;13817;13886;69;0.5
MG;Ritápolis;4925;4994;69;1.4
MG;Presidente Olegário;18697;18765;68;0.36
AL;Campestre;6598;6665;67;1.02
RS;Gentil;1677;1744;67;4.0
PR;Atalaia;3913;3980;67;1.71
SP;Mesópolis;1886;1952;66;3.5
SP;São João de Iracema;1780;1846;66;3.71
PI;Miguel Leão;1253;1318;65;5.19
SC;Sul Brasil;2768;2832;64;2.31
PE;Terra Nova;8856;8920;64;0.72
RS;São Jorge;2848;2912;64;2.25
MA;Maranhãozinho;13697;13761;64;0.47
SP;Cananéia;12226;12289;63;0.52
MG;Coimbra;7054;7117;63;0.89
SC;Ibiam;1945;2008;63;3.24
MG;Frei Lagonegro;3329;3391;62;1.86
PR;Iretama;10622;10684;62;0.58
RS;São João do Polêsine;2588;2649;61;2.36
BA;Brotas de Macaúbas;11705;11765;60;0.51
RS;Linha Nova;1624;1683;59;3.63
MG;Baependi;18307;18366;59;0.32
SP;Itariri;15471;15528;57;0.37
PE;Jatobá;13963;14020;57;0.41
GO;Varjão;3659;3716;57;1.56
SP;Vitória Brasil;1737;1794;57;3.28
SE;São Domingos;10271;10327;56;0.55
SC;Calmon;3387;3443;56;1.65
PR;Céu Azul;11032;11087;55;0.5
AL;Coqueiro Seco;5526;5581;55;1.0
SP;Gabriel Monteiro;2708;2763;55;2.03
SC;Arroio Trinta;3502;3556;54;1.54
PR;Verê;7878;7932;54;0.69
SC;Grão-Pará;6223;6277;54;0.87
TO;Rio da Conceição;1714;1768;54;3.15
RS;Itati;2584;2638;54;2.09
MG;São Gonçalo do Sapucaí;23906;23959;53;0.22
SP;Pontalinda;4074;4127;53;1.3
RN;Timbaúba dos Batistas;2295;2348;53;2.31
MG;Matutina;3761;3814;53;1.41
PB;Coxixola;1771;1824;53;2.99
PB;Santo André;2569;2622;53;2.06
PR;Ipiranga;14091;14142;51;0.36
RS;Cruzeiro do Sul;11549;11600;51;0.44
PI;Pedro Laurentino;2407;2458;51;2.12
PB;Curral de Cima;5204;5254;50;0.96
PR;Rio Negro;31274;31324;50;0.16
RJ;Sapucaia;17679;17729;50;0.28
RJ;Duas Barras;10930;10980;50;0.46
SC;Bom Jesus do Oeste;2138;2187;49;2.29
PB;Cuité de Mamanguape;6202;6251;49;0.79
SP;Ipaussu;13663;13712;49;0.36
SC;Lacerdópolis;2199;2248;49;2.23
SE;Moita Bonita;11001;11050;49;0.45
BA;Tanquinho;7669;7717;48;0.63
GO;Campinaçu;3660;3708;48;1.31
PI;Flores do Piauí;4366;4414;48;1.1
MA;Governador Eugênio Barros;13883;13930;47;0.34
MG;Carmo de Minas;13750;13797;47;0.34
SP;Cafelândia;16607;16654;47;0.28
PR;Sulina;3394;3440;46;1.36
PB;Caraúbas;3899;3944;45;1.15
SP;Estrela do Norte;2658;2703;45;1.69
TO;Itapiratins;3532;3577;45;1.27
PI;São Braz do Piauí;4313;4358;45;1.04
PR;Anahy;2874;2918;44;1.53
PB;Quixaba;1699;1743;44;2.59
PB;São Sebastião do Umbuzeiro;3235;3279;44;1.36
RS;Pinheirinho do Vale;4497;4540;43;0.96
MT;Nossa Senhora do Livramento;12897;12940;43;0.33
PR;Alvorada do Sul;10283;10326;43;0.42
PA;São João de Pirabas;20647;20689;42;0.2
MG;Cajuri;4047;4088;41;1.01
PR;Congonhinhas;8279;8320;41;0.5
GO;Joviânia;7118;7159;41;0.58
MT;Juscimeira;11439;11480;41;0.36
MT;Curvelândia;4862;4903;41;0.84
MG;Couto de Magalhães de Minas;4204;4245;41;0.98
PR;São Manoel do Paraná;2098;2138;40;1.91
TO;Silvanópolis;5068;5108;40;0.79
MG;Alagoa;2709;2749;40;1.48
MT;São Pedro da Cipa;4151;4191;40;0.96
PE;Tuparetama;7966;8005;39;0.49
PE;Angelim;10202;10241;39;0.38
MG;Cachoeira da Prata;3654;3693;39;1.07
MG;Albertina;2913;2952;39;1.34
MG;Uruana de Minas;3243;3282;39;1.2
RS;São Valentim do Sul;2168;2207;39;1.8
MG;São Romão;10276;10315;39;0.38
TO;São Valério;4383;4422;39;0.89
RJ;Miracema;26843;26881;38;0.14
PI;Milton Brandão;6504;6542;38;0.58
RN;Cruzeta;7967;8005;38;0.48
GO;Nova Aurora;2064;2101;37;1.79
RN;Barcelona;3950;3986;36;0.91
BA;Feira da Mata;5595;5631;36;0.64
GO;Ivolândia;2658;2693;35;1.32
MG;São Domingos do Prata;17357;17392;35;0.2
RN;São João do Sabugi;5922;5956;34;0.57
MG;Itapagipe;13656;13690;34;0.25
SC;Celso Ramos;2771;2805;34;1.23
MG;Natércia;4658;4691;33;0.71
PR;Renascença;6812;6845;33;0.48
SP;Aspásia;1809;1842;33;1.82
RS;Augusto Pestana;7116;7149;33;0.46
GO;Ouro Verde de Goiás;4025;4057;32;0.8
MG;Dom Silvério;5196;5228;32;0.62
MG;Santo Antônio do Rio Abaixo;1777;1808;31;1.74
AL;Maribondo;13648;13679;31;0.23
RN;Montanhas;11413;11444;31;0.27
MG;Maria da Fé;14216;14247;31;0.22
SC;Serra Alta;3272;3303;31;0.95
SE;Nossa Senhora de Lourdes;6238;6268;30;0.48
MG;Campo Azul;3684;3714;30;0.81
MG;Seritinga;1789;1819;30;1.68
RS;Faxinal do Soturno;6672;6702;30;0.45
SC;Santa Helena;2395;2425;30;1.25
PI;Barreiras do Piauí;3234;3264;30;0.93
SP;Santana da Ponte Pensa;1641;1670;29;1.77
BA;Itapitanga;10250;10279;29;0.28
PI;Paes Landim;4059;4088;29;0.71
AL;Santa Luzia do Norte;6891;6919;28;0.41
SP;Ribeirão Grande;7422;7450;28;0.38
PB;Poço de José de Moura;3978;4006;28;0.7
MG;Ubaí;11681;11708;27;0.23
RS;Esmeralda;3168;3195;27;0.85
PE;Verdejante;9142;9169;27;0.3
MA;Governador Archer;10205;10231;26;0.25
PI;Castelo do Piauí;19262;19288;26;0.13
MG;Pedro Teixeira;1785;1810;25;1.4
RS;Protásio Alves;2000;2025;25;1.25
SP;Suzanápolis;3383;3408;25;0.74
RS;Vista Gaúcha;2759;2783;24;0.87
PR;Barracão;9735;9759;24;0.25
PB;Prata;3891;3915;24;0.62
SC;Santa Rosa de Lima;2065;2088;23;1.11
BA;Jaborandi;9252;9275;23;0.25
SC;Belmonte;2635;2658;23;0.87
MG;Conceição das Pedras;2749;2772;23;0.84
SC;Modelo;4057;4080;23;0.57
SP;Guarantã;6404;6427;23;0.36
MS;Cassilândia;20966;20988;22;0.1
PR;São João do Triunfo;13704;13726;22;0.16
MG;Olímpio Noronha;2533;2555;22;0.87
SP;Anhembi;5653;5674;21;0.37
TO;Lavandeira;1605;1626;21;1.31
RN;Taboleiro Grande;2317;2338;21;0.91
MG;Doresópolis;1440;1461;21;1.46
RS;Vista Alegre do Prata;1569;1590;21;1.34
ES;Pinheiros;23895;23915;20;0.08
RJ;Itaocara;22899;22919;20;0.09
RS;Vanini;1984;2004;20;1.01
PR;Bom Sucesso;6561;6581;20;0.3
BA;Maetinga;6953;6973;20;0.29
MG;Rio Doce;2465;2484;19;0.77
RN;Parazinho;4782;4801;19;0.4
MT;Apiacás;8571;8590;19;0.22
MG;Bueno Brandão;10892;10911;19;0.17
RS;Santa Cecília do Sul;1655;1674;19;1.15
RS;Cristal;7280;7299;19;0.26
MG;Grupiara;1373;1392;19;1.38
MG;São Geraldo;10263;10282;19;0.19
SP;São Pedro do Turvo;7198;7217;19;0.26
SP;Álvares Florence;3897;3915;18;0.46
MG;Serra da Saudade;815;833;18;2.21
SP;Monteiro Lobato;4120;4138;18;0.44
CE;Tejuçuoca;17136;17154;18;0.11
PB;Pedra Branca;3721;3739;18;0.48
PI;Novo Santo Antônio;2809;2827;18;0.64
SP;Elisiário;3120;3138;18;0.58
PR;Ibaiti;28813;28830;17;0.06
SC;Presidente Nereu;2284;2301;17;0.74
MA;Santo Antônio dos Lopes;14288;14304;16;0.11
RN;Vera Cruz;10719;10735;16;0.15
SC;Jacinto Machado;10608;10624;16;0.15
MG;Chiador;2785;2800;15;0.54
PI;Júlio Borges;5373;5388;15;0.28
PB;São José do Brejo do Cruz;1684;1699;15;0.89
BA;Anagé;25423;25438;15;0.06
RN;Monte das Gameleiras;2261;2276;15;0.66
RS;Capão do Cipó;3104;3119;15;0.48
MG;Leopoldina;51130;51145;15;0.03
BA;Paramirim;20337;20351;14;0.07
SE;Divina Pastora;4326;4340;14;0.32
SP;São João das Duas Pontes;2566;2580;14;0.55
GO;Perolândia;2950;2964;14;0.47
SC;Lauro Müller;14367;14381;14;0.1
PR;Salto do Itararé;5178;5192;14;0.27
RS;Passo do Sobrado;6011;6025;14;0.23
RJ;Trajano de Moraes;10289;10302;13;0.13
RS;Sertão Santana;5850;5863;13;0.22
MG;Heliodora;6121;6134;13;0.21
PI;Passagem Franca do Piauí;4123;4135;12;0.29
MG;Centralina;10195;10207;12;0.12
TO;Juarina;2231;2243;12;0.54
RS;Dom Pedro de Alcântara;2550;2562;12;0.47
SP;Nova Europa;9300;9311;11;0.12
BA;Canarana;24195;24206;11;0.05
SE;Cumbe;3813;3824;11;0.29
CE;Guaramiranga;5644;5654;10;0.18
MT;Novo Santo Antônio;2005;2015;10;0.5
PR;Rio Azul;14015;14025;10;0.07
PI;João Costa;2960;2970;10;0.34
RJ;Italva;14063;14073;10;0.07
AP;Pracuúba;3793;3803;10;0.26
MG;Campestre;20686;20696;10;0.05
BA;Barro Alto;13444;13453;9;0.07
PB;São José do Bonfim;3233;3242;9;0.28
RN;Triunfo Potiguar;3368;3376;8;0.24
GO;Novo Brasil;3519;3527;8;0.23
RS;Mormaço;2749;2756;7;0.25
SC;Jardinópolis;1769;1776;7;0.4
MG;Tapira;4112;4118;6;0.15
PI;São José do Piauí;6591;6597;6;0.09
SP;Torrinha;9330;9335;5;0.05
PE;Bonito;37469;37474;5;0.01
MG;Mercês;10368;10373;5;0.05
MG;Marilac;4219;4224;5;0.12
SC;Peritiba;2988;2992;4;0.13
SP;União Paulista;1599;1603;4;0.25
RS;Boa Vista do Sul;2776;2779;3;0.11
CE;Jaguaribara;10353;10356;3;0.03
RJ;Silva Jardim;21349;21352;3;0.01
PI;Guadalupe;10268;10270;2;0.02
BA;Muritiba;28705;28707;2;0.01
SP;Bariri;31593;31595;2;0.01
PB;Pedro Régis;5765;5766;1;0.02
PA;Magalhães Barata;8115;8115;0;0.0
MA;Benedito Leite;5469;5469;0;0.0
MG;Carvalhópolis;3341;3341;0;0.0
GO;Damolândia;2725;2724;-1;-0.04
BA;Ituaçu;17915;17914;-1;-0.01
SC;Mirim Doce;2513;2511;-2;-0.08
SP;Guarani d'Oeste;1970;1968;-2;-0.1
PR;Boa Esperança;4560;4558;-2;-0.04
RN;Caiçara do Norte;6295;6293;-2;-0.03
SP;Urânia;8836;8833;-3;-0.03
RN;Várzea;5236;5233;-3;-0.06
GO;Araçu;3802;3799;-3;-0.08
TO;Tocantinópolis;22619;22615;-4;-0.02
PI;Manoel Emídio;5213;5209;-4;-0.08
MG;Vargem Bonita;2163;2158;-5;-0.23
RS;Campestre da Serra;3247;3242;-5;-0.15
MG;Serranos;1995;1990;-5;-0.25
RN;Afonso Bezerra;10844;10839;-5;-0.05
PI;Redenção do Gurguéia;8400;8394;-6;-0.07
SP;Emilianópolis;3020;3014;-6;-0.2
PB;Paulista;11840;11834;-6;-0.05
MG;Leandro Ferreira;3205;3199;-6;-0.19
RS;Caseiros;3007;3000;-7;-0.23
MG;Jacuí;7502;7495;-7;-0.09
RS;Santa Vitória do Palmar;30990;30983;-7;-0.02
RS;Mato Queimado;1802;1795;-7;-0.39
RJ;Natividade;15082;15074;-8;-0.05
PE;Buíque;52105;52097;-8;-0.02
SP;Brejo Alegre;2573;2565;-8;-0.31
PI;Santo Inácio do Piauí;3654;3646;-8;-0.22
TO;Lagoa do Tocantins;3525;3516;-9;-0.26
MG;Aracitaba;2058;2049;-9;-0.44
MG;Felício dos Santos;5142;5133;-9;-0.18
SP;Iepê;7628;7619;-9;-0.12
PI;Santa Filomena;6096;6087;-9;-0.15
PI;Sussuapara;6229;6220;-9;-0.14
SC;São Carlos;10291;10282;-9;-0.09
SP;Salmourão;4818;4808;-10;-0.21
PB;Ouro Velho;2928;2918;-10;-0.34
PR;Candói;14983;14973;-10;-0.07
MG;Acaiaca;3920;3909;-11;-0.28
RN;Januário Cicco;9062;9051;-11;-0.12
PR;Itaúna do Sul;3583;3572;-11;-0.31
SP;Oriente;6097;6085;-12;-0.2
MG;Douradoquara;1841;1829;-12;-0.65
SC;Meleiro;7018;7006;-12;-0.17
PB;São João do Cariri;4239;4226;-13;-0.31
RS;Fagundes Varela;2579;2566;-13;-0.5
GO;Itapuranga;26127;26113;-14;-0.05
PE;Pesqueira;62737;62722;-15;-0.02
SP;Inúbia Paulista;3630;3615;-15;-0.41
MG;Abaeté;22690;22675;-15;-0.07
PR;Boa Vista da Aparecida;7939;7924;-15;-0.19
MG;Monte Belo;13061;13046;-15;-0.11
SP;Tapiraí;8012;7996;-16;-0.2
SP;Bom Sucesso de Itararé;3571;3555;-16;-0.45
PI;São Lourenço do Piauí;4427;4410;-17;-0.38
MG;Ibitiúra de Minas;3382;3365;-17;-0.5
GO;Cachoeira de Goiás;1422;1405;-17;-1.2
PE;Alagoinha;13559;13542;-17;-0.13
RN;Paraná;3952;3934;-18;-0.46
RO;Itapuã do Oeste;8566;8548;-18;-0.21
SP;Nova Campina;8515;8497;-18;-0.21
RS;Ilópolis;4175;4157;-18;-0.43
MG;Antônio Carlos;11114;11095;-19;-0.17
SC;Marema;2203;2184;-19;-0.86
MG;Delfim Moreira;7971;7952;-19;-0.24
MG;Indianópolis;6190;6171;-19;-0.31
RS;Nova Alvorada;3182;3163;-19;-0.6
MG;Jordânia;10324;10304;-20;-0.19
MG;Umburatiba;2705;2684;-21;-0.78
RS;Capão Bonito do Sul;1754;1733;-21;-1.2
SP;Ouro Verde;7800;7779;-21;-0.27
MG;Desterro do Melo;3015;2994;-21;-0.7
SP;Nova Guataporanga;2177;2156;-21;-0.96
PB;Jericó;7538;7516;-22;-0.29
PI;Francisco Macedo;2951;2929;-22;-0.75
RN;Jandaíra;6585;6562;-23;-0.35
MG;São Gonçalo do Rio Preto;3056;3032;-24;-0.79
PB;Joca Claudino;2564;2539;-25;-0.98
PA;Santarém Novo;6141;6116;-25;-0.41
PR;Planaltina do Paraná;4095;4070;-25;-0.61
MG;Serranópolis de Minas;4425;4399;-26;-0.59
MG;Guarda-Mor;6565;6539;-26;-0.4
SC;Irati;2096;2069;-27;-1.29
SE;Ilha das Flores;8348;8321;-27;-0.32
TO;Pindorama do Tocantins;4506;4478;-28;-0.62
MG;Entre Folhas;5207;5179;-28;-0.54
RN;Riacho de Santana;4156;4127;-29;-0.7
SP;Rubiácea;2729;2700;-29;-1.06
RS;Colinas;2452;2423;-29;-1.18
MG;Casa Grande;2244;2214;-30;-1.34
PR;Arapuã;3557;3527;-30;-0.84
PR;Doutor Ulysses;5727;5697;-30;-0.52
PR;Nova Esperança;26615;26585;-30;-0.11
MG;Olaria;1976;1945;-31;-1.57
MG;Vieiras;3731;3700;-31;-0.83
MG;Águas Formosas;18479;18448;-31;-0.17
PA;Marapanim;26605;26573;-32;-0.12
MS;Alcinópolis;4569;4537;-32;-0.7
PE;Calçado;11125;11093;-32;-0.29
BA;Muquém do São Francisco;10475;10443;-32;-0.31
PB;Poço Dantas;3863;3830;-33;-0.85
MG;Glaucilândia;2962;2928;-34;-1.15
RS;Mostardas;12124;12090;-34;-0.28
RN;Água Nova;2980;2946;-34;-1.14
PR;Guaporema;2226;2191;-35;-1.57
SP;Magda;3200;3165;-35;-1.09
PI;Pavussu;3663;3628;-35;-0.96
PR;Lidianópolis;3973;3938;-35;-0.88
SC;Leoberto Leal;3365;3330;-35;-1.04
GO;Cumari;2964;2927;-37;-1.25
BA;Jacaraci;14473;14436;-37;-0.26
PR;Tunas do Paraná;6256;6219;-37;-0.59
MG;Naque;6341;6303;-38;-0.6
RS;Cerro Grande;2417;2379;-38;-1.57
PB;Olivedos;3618;3580;-38;-1.05
RN;Martins;8218;8179;-39;-0.47
RN;Santo Antônio;22216;22177;-39;-0.18
SC;Rio Rufino;2436;2397;-39;-1.6
RN;Serra de São Bento;5743;5703;-40;-0.7
SP;Tabapuã;11363;11323;-40;-0.35
PB;Condado;6491;6451;-40;-0.62
RN;Caiçara do Rio do Vento;3308;3268;-40;-1.21
TO;Itaporã do Tocantins;2445;2404;-41;-1.68
MA;Feira Nova do Maranhão;8089;8048;-41;-0.51
PR;Sapopema;6736;6695;-41;-0.61
PI;Palmeira do Piauí;4993;4952;-41;-0.82
MA;Bacurituba;5293;5252;-41;-0.77
MA;Paulo Ramos;20383;20341;-42;-0.21
RN;Ipueira;2077;2035;-42;-2.02
RS;Montauri;1542;1499;-43;-2.79
PI;São João da Serra;6157;6114;-43;-0.7
PR;Guamiranga;7900;7856;-44;-0.56
MG;São Francisco de Sales;5776;5732;-44;-0.76
MS;Camapuã;13628;13583;-45;-0.33
SC;Presidente Castello Branco;1734;1689;-45;-2.6
MG;Piau;2841;2796;-45;-1.58
CE;General Sampaio;6780;6734;-46;-0.68
PE;Macaparana;23925;23879;-46;-0.19
CE;Parambu;31491;31445;-46;-0.15
GO;Mara Rosa;10746;10700;-46;-0.43
RS;Esperança do Sul;3272;3226;-46;-1.41
MG;Conceição de Ipanema;4456;4409;-47;-1.05
MG;Bertópolis;4498;4451;-47;-1.04
SP;Nantes;2707;2660;-47;-1.74
RS;Faxinalzinho;2567;2520;-47;-1.83
SP;Avanhandava;11310;11263;-47;-0.42
RS;Paulo Bento;2191;2144;-47;-2.15
SC;Macieira;1826;1778;-48;-2.63
RS;Santo Antônio do Palma;2139;2091;-48;-2.24
RS;Alto Alegre;1848;1800;-48;-2.6
MG;Ingaí;2629;2580;-49;-1.86
RS;Bozano;2200;2151;-49;-2.23
TO;Ipueiras;1639;1590;-49;-2.99
MA;Senador Alexandre Costa;10256;10207;-49;-0.48
MG;Carneirinho;9471;9422;-49;-0.52
PI;Prata do Piauí;3092;3042;-50;-1.62
MG;Aricanduva;4770;4719;-51;-1.07
RN;Campo Redondo;10266;10215;-51;-0.5
PI;Assunção do Piauí;7503;7452;-51;-0.68
MA;Vitorino Freire;30897;30845;-52;-0.17
SP;Lutécia;2714;2661;-53;-1.95
RS;Soledade;30044;29991;-53;-0.18
SC;Major Vieira;7479;7425;-54;-0.72
RS;Ernestina;3088;3034;-54;-1.75
SP;Sandovalina;3699;3645;-54;-1.46
SC;Abdon Batista;2653;2598;-55;-2.07
RN;Galinhos;2159;2104;-55;-2.55
PB;Santa Helena;5920;5865;-55;-0.93
RS;Maratá;2527;2470;-57;-2.26
BA;Jitaúna;14413;14355;-58;-0.4
PI;Pio IX;17671;17613;-58;-0.33
RS;Sobradinho;14285;14226;-59;-0.41
TO;Maurilândia do Tocantins;3154;3095;-59;-1.87
SC;São Bernardino;2744;2684;-60;-2.19
SP;São Luiz do Paraitinga;10397;10337;-60;-0.58
MG;Santo Antônio do Amparo;17345;17285;-60;-0.35
RS;São José do Norte;25503;25443;-60;-0.24
AM;Juruá;10802;10742;-60;-0.56
SC;São Bonifácio;3008;2946;-62;-2.06
MG;Araçaí;2243;2181;-62;-2.76
PR;Jataizinho;11875;11813;-62;-0.52
MG;Soledade de Minas;5676;5613;-63;-1.11
SP;Nova Castilho;1125;1062;-63;-5.6
SC;Frei Rogério;2474;2411;-63;-2.55
MG;Novo Oriente de Minas;10339;10275;-64;-0.62
MA;Santa Quitéria do Maranhão;24021;23957;-64;-0.27
PI;Francisco Ayres;4477;4412;-65;-1.45
RN;José da Penha;5868;5803;-65;-1.11
SC;Major Gercino;3279;3214;-65;-1.98
SP;Barra do Chapéu;5244;5179;-65;-1.24
MG;Tabuleiro;4079;4014;-65;-1.59
PB;Carrapateira;2378;2312;-66;-2.78
RS;Santo Augusto;13968;13902;-66;-0.47
MS;Miranda;25602;25536;-66;-0.26
RS;Paverama;8044;7978;-66;-0.82
PR;Jardim Olinda;1409;1343;-66;-4.68
SP;Cabrália Paulista;4365;4299;-66;-1.51
MG;Passa Quatro;15582;15515;-67;-0.43
RS;Dois Irmãos das Missões;2157;2090;-67;-3.11
RS;Hulha Negra;6043;5976;-67;-1.11
RS;Espumoso;15240;15173;-67;-0.44
MG;Santa Maria de Itabira;10552;10485;-67;-0.63
SP;Oscar Bressane;2537;2470;-67;-2.64
SP;Bento de Abreu;2674;2606;-68;-2.54
PR;Cafeara;2695;2627;-68;-2.52
GO;São Simão;17088;17020;-68;-0.4
BA;Araçás;11625;11557;-68;-0.58
PI;Landri Sales;5281;5213;-68;-1.29
PI;Monsenhor Gil;10324;10255;-69;-0.67
TO;Santa Terezinha do Tocantins;2475;2406;-69;-2.79
SP;Dirce Reis;1689;1620;-69;-4.09
PR;Cruzeiro do Sul;4563;4494;-69;-1.51
MG;Icaraí de Minas;10746;10677;-69;-0.64
PI;Morro Cabeça no Tempo;4447;4377;-70;-1.57
RS;São José do Ouro;6904;6834;-70;-1.01
RJ;Carmo;17269;17198;-71;-0.41
RS;Cotiporã;3917;3846;-71;-1.81
SP;Tarabai;6607;6536;-71;-1.07
MG;Veríssimo;3483;3411;-72;-2.07
RJ;Rio Claro;17473;17401;-72;-0.41
RS;Vila Lângaro;2152;2079;-73;-3.39
SC;Atalanta;3300;3227;-73;-2.21
CE;Altaneira;6856;6782;-74;-1.08
SP;Planalto;4463;4389;-74;-1.66
SC;Águas de Chapecó;6110;6036;-74;-1.21
PI;Morro do Chapéu do Piauí;6499;6425;-74;-1.14
MG;Guidoval;7206;7131;-75;-1.04
PB;Tavares;14176;14101;-75;-0.53
GO;Moiporá;1760;1685;-75;-4.26
GO;Jaupaci;3000;2924;-76;-2.53
PI;Juazeiro do Piauí;5290;5214;-76;-1.44
MA;Porto Rico do Maranhão;6030;5954;-76;-1.26
PI;Riacho Frio;4241;4165;-76;-1.79
GO;Palmelo;2335;2259;-76;-3.25
GO;Mimoso de Goiás;2690;2614;-76;-2.83
SP;Aguaí;32148;32072;-76;-0.24
PI;Campo Alegre do Fidalgo;4693;4616;-77;-1.64
CE;Pacujá;6253;6175;-78;-1.25
GO;Aloândia;2051;1973;-78;-3.8
PR;Arapoti;25855;25777;-78;-0.3
SC;Matos Costa;2839;2761;-78;-2.75
PB;Gado Bravo;8258;8179;-79;-0.96
MS;Corguinho;4862;4783;-79;-1.62
SC;Guarujá do Sul;4908;4829;-79;-1.61
SP;Sud Mennucci;7435;7355;-80;-1.08
BA;Fátima;17976;17895;-81;-0.45
PB;Salgadinho;3436;3355;-81;-2.36
RS;André da Rocha;1216;1135;-81;-6.66
PB;Nazarezinho;7284;7203;-81;-1.11
MG;Ressaquinha;4630;4548;-82;-1.77
SP;Nova Canaã Paulista;2114;2032;-82;-3.88
MA;Lago dos Rodrigues;8840;8758;-82;-0.93
RS;Aratiba;6565;6483;-82;-1.25
SP;Clementina;7065;6982;-83;-1.17
PR;Ariranha do Ivaí;2413;2329;-84;-3.48
MG;Paiva;1558;1474;-84;-5.39
PE;Itacuruba;4369;4284;-85;-1.95
MG;Onça de Pitangui;3055;2969;-86;-2.82
RS;Forquetinha;2479;2393;-86;-3.47
SP;Pongaí;3481;3395;-86;-2.47
MG;Piedade de Ponte Nova;4062;3976;-86;-2.12
PI;Dom Inocêncio;9245;9159;-86;-0.93
MT;Araguainha;1096;1010;-86;-7.85
PR;Quinta do Sol;5088;5001;-87;-1.71
PR;Itaguajé;4568;4481;-87;-1.9
SP;Espírito Santo do Turvo;4244;4157;-87;-2.05
PB;Frei Martinho;2933;2846;-87;-2.97
MG;São João do Pacuí;4060;3972;-88;-2.17
MA;Tufilândia;5596;5507;-89;-1.59
PR;Mirador;2327;2238;-89;-3.82
MA;Cedral;10297;10208;-89;-0.86
RJ;Santa Maria Madalena;10321;10232;-89;-0.86
PI;Caldeirão Grande do Piauí;5592;5503;-89;-1.59
PA;Igarapé-Açu;35887;35797;-90;-0.25
SC;Ouro Verde;2271;2181;-90;-3.96
PR;Iguatu;2234;2144;-90;-4.03
MA;Godofredo Viana;10276;10186;-90;-0.88
MG;Nova Era;17528;17438;-90;-0.51
PR;Rio Branco do Ivaí;3898;3808;-90;-2.31
TO;Brasilândia do Tocantins;2064;1974;-90;-4.36
PR;Maria Helena;5956;5865;-91;-1.53
PI;Lagoa de São Francisco;6422;6331;-91;-1.42
PR;Tapira;5836;5745;-91;-1.56
PR;Bom Sucesso do Sul;3293;3202;-91;-2.76
MG;Queluzito;1861;1770;-91;-4.89
RN;Jaçanã;7925;7834;-91;-1.15
PI;Jurema;4517;4425;-92;-2.04
SC;Riqueza;4860;4768;-92;-1.89
RS;Muliterno;1813;1721;-92;-5.07
MG;Botelhos;14920;14828;-92;-0.62
MG;Bom Sucesso;17243;17151;-92;-0.53
SC;Lindóia do Sul;4642;4549;-93;-2.0
SC;Ponte Alta do Norte;3303;3210;-93;-2.82
MG;Caputira;9030;8936;-94;-1.04
PR;Boa Ventura de São Roque;6472;6378;-94;-1.45
PR;Santa Inês;1842;1748;-94;-5.1
BA;Rio de Contas;13278;13184;-94;-0.71
TO;Crixás do Tocantins;1564;1470;-94;-6.01
MG;Oliveira Fortes;2123;2027;-96;-4.52
SP;Populina;4223;4127;-96;-2.27
GO;Anhanguera;1020;924;-96;-9.41
RJ;Conceição de Macabu;21200;21104;-96;-0.45
PB;Princesa Isabel;21210;21114;-96;-0.45
GO;Uruana;13826;13729;-97;-0.7
MG;Santana do Garambéu;2234;2137;-97;-4.34
RS;Almirante Tamandaré do Sul;2067;1969;-98;-4.74
MG;Capitão Enéas;14206;14108;-98;-0.69
RS;Fortaleza dos Valos;4575;4477;-98;-2.14
MG;Campo do Meio;11476;11377;-99;-0.86
MT;Rondolândia;3604;3505;-99;-2.75
MG;Minduri;3840;3741;-99;-2.58
RS;Marques de Souza;4068;3969;-99;-2.43
MG;Vargem Grande do Rio Pardo;4733;4633;-100;-2.11
PR;Jundiaí do Sul;3433;3333;-100;-2.91
MG;Guapé;13872;13772;-100;-0.72
SP;Embaúba;2423;2323;-100;-4.13
RN;Lagoa de Velhos;2668;2567;-101;-3.79
ES;Vila Valério;13830;13728;-102;-0.74
GO;Santa Rosa de Goiás;2922;2820;-102;-3.49
RS;Turuçu;3522;3419;-103;-2.92
RS;Vale Verde;3253;3150;-103;-3.17
SC;Descanso;8634;8530;-104;-1.2
PE;Correntes;17235;17131;-104;-0.6
RS;São Valério do Sul;2647;2543;-104;-3.93
PI;São Miguel da Baixa Grande;2373;2269;-104;-4.38
MG;Araponga;8152;8048;-104;-1.28
SC;Ibicaré;3373;3269;-104;-3.08
TO;Aurora do Tocantins;3446;3342;-104;-3.02
PR;Enéas Marques;6103;5999;-104;-1.7
PI;Jacobina do Piauí;5717;5613;-104;-1.82
MG;Piedade do Rio Grande;4709;4604;-105;-2.23
SE;Amparo do São Francisco;2275;2170;-105;-4.62
SP;Sabino;5217;5112;-105;-2.01
PB;Gurinhém;13872;13766;-106;-0.76
TO;Talismã;2562;2456;-106;-4.14
SP;Taquaral;2726;2619;-107;-3.93
AL;Belém;4829;4722;-107;-2.22
PI;São Julião;6132;6025;-107;-1.74
SC;Novo Horizonte;2750;2643;-107;-3.89
CE;Banabuiú;17302;17195;-107;-0.62
RS;Nova Pádua;2450;2343;-107;-4.37
PR;Nova Aliança do Ivaí;1431;1323;-108;-7.55
MG;José Raydan;4376;4268;-108;-2.47
RS;Muitos Capões;2988;2879;-109;-3.65
RS;Anta Gorda;6066;5957;-109;-1.8
PR;Wenceslau Braz;19298;19188;-110;-0.57
RS;Novo Xingu;1757;1646;-111;-6.32
PI;Nova Santa Rita;4187;4076;-111;-2.65
RN;Frutuoso Gomes;4233;4122;-111;-2.62
RS;Monte Belo do Sul;2668;2557;-111;-4.16
RS;Morrinhos do Sul;3182;3071;-111;-3.49
PI;Paquetá;3925;3813;-112;-2.85
RS;Santo Expedito do Sul;2461;2349;-112;-4.55
SP;Turiúba;1930;1818;-112;-5.8
RN;São Bento do Trairí;3905;3792;-113;-2.89
SP;Echaporã;6318;6205;-113;-1.79
MG;Santana do Deserto;3860;3747;-113;-2.93
PB;Bom Jesus;2400;2286;-114;-4.75
PB;Nova Palmeira;4373;4259;-114;-2.61
PB;Água Branca;9449;9335;-114;-1.21
GO;Estrela do Norte;3320;3205;-115;-3.46
MG;Congonhas do Norte;4946;4831;-115;-2.33
SP;Alvinlândia;3000;2885;-115;-3.83
TO;Carmolândia;2316;2201;-115;-4.97
RS;Sagrada Família;2595;2480;-115;-4.43
AL;Coité do Nóia;10926;10810;-116;-1.06
MG;Santa Helena de Minas;6055;5938;-117;-1.93
PR;São Tomé;5349;5232;-117;-2.19
MG;Dom Bosco;3814;3697;-117;-3.07
MA;Graça Aranha;6140;6023;-117;-1.91
RS;Coronel Pilar;1725;1607;-118;-6.84
BA;Elísio Medrado;7926;7808;-118;-1.49
RS;Planalto;10524;10406;-118;-1.12
SC;União do Oeste;2892;2774;-118;-4.08
RN;Bodó;2425;2306;-119;-4.91
ES;Alfredo Chaves;13955;13836;-119;-0.85
SP;Areias;3696;3577;-119;-3.22
PR;Adrianópolis;6376;6256;-120;-1.88
SC;Vidal Ramos;6310;6189;-121;-1.92
PR;Esperança Nova;1970;1849;-121;-6.14
PB;Parari;1842;1720;-122;-6.62
SP;Catiguá;7127;7003;-124;-1.74
MG;Quartel Geral;3303;3179;-124;-3.75
MG;Tocos do Moji;3950;3826;-124;-3.14
MT;Tabaporã;9942;9818;-124;-1.25
MG;Jequitinhonha;24131;24007;-124;-0.51
PI;Guaribas;4401;4276;-125;-2.84
MA;Lima Campos;11423;11297;-126;-1.1
AP;Amapá;8069;7943;-126;-1.56
RS;Minas do Leão;7631;7505;-126;-1.65
PI;Brejo do Piauí;4030;3904;-126;-3.13
MG;Nova Módica;3790;3663;-127;-3.35
MG;Pintópolis;7211;7084;-127;-1.76
SC;São Miguel da Boa Vista;1909;1781;-128;-6.71
SC;Capão Alto;2753;2625;-128;-4.65
RS;São Pedro das Missões;1886;1757;-129;-6.84
TO;Figueirópolis;5340;5211;-129;-2.42
PI;Jardim do Mulato;4309;4180;-129;-2.99
MG;Cedro do Abaeté;1210;1081;-129;-10.66
RN;Rafael Godeiro;3063;2934;-129;-4.21
MA;Pio XII;22016;21886;-130;-0.59
PI;São Félix do Piauí;2972;2842;-130;-4.37
SP;Pontes Gestal;2518;2387;-131;-5.2
RS;Chiapetta;4044;3913;-131;-3.24
RS;Novo Tiradentes;2277;2146;-131;-5.75
GO;Água Fria de Goiás;5085;4954;-131;-2.58
RS;Arroio do Padre;2730;2599;-131;-4.8
SC;Bela Vista do Toldo;6004;5872;-132;-2.2
MG;Antônio Prado de Minas;1671;1538;-133;-7.96
PB;São João do Tigre;4396;4263;-133;-3.03
TO;Pequizeiro;5054;4921;-133;-2.63
MG;Santana de Cataguases;3622;3489;-133;-3.67
RS;Santiago;49071;48938;-133;-0.27
MG;Carvalhos;4556;4422;-134;-2.94
RS;Doutor Ricardo;2022;1888;-134;-6.63
RS;Cristal do Sul;2826;2692;-134;-4.74
BA;Ibititá;17103;16969;-134;-0.78
PB;Serra da Raiz;3228;3094;-134;-4.15
AL;Pindoba;2866;2731;-135;-4.71
MG;Pedra do Anta;3446;3311;-135;-3.92
SP;Itirapuã;5914;5779;-135;-2.28
RS;Pouso Novo;1875;1739;-136;-7.25
SP;Pedrinhas Paulista;2940;2804;-136;-4.63
PI;Alegrete do Piauí;4771;4634;-137;-2.87
PR;Rio Bom;3334;3197;-137;-4.11
GO;Santa Cruz de Goiás;3140;3002;-138;-4.39
BA;Caém;10522;10384;-138;-1.31
GO;Guarinos;2299;2161;-138;-6.0
GO;Uirapuru;2936;2798;-138;-4.7
SC;Painel;2353;2215;-138;-5.86
PI;Miguel Alves;32289;32150;-139;-0.43
SC;Mondaí;10205;10066;-139;-1.36
RS;Tavares;5351;5212;-139;-2.6
RS;Nova Bréscia;3184;3044;-140;-4.4
PR;Campina do Simão;4076;3936;-140;-3.43
SE;Ribeirópolis;17173;17033;-140;-0.82
RS;Senador Salgado Filho;2814;2673;-141;-5.01
MG;Itambé do Mato Dentro;2283;2142;-141;-6.18
PI;Vila Nova do Piauí;3076;2935;-141;-4.58
PB;São José de Piranhas;19209;19067;-142;-0.74
AL;Olho d'Água do Casado;8491;8349;-142;-1.67
PE;Mirandiba;14308;14166;-142;-0.99
MG;Felixlândia;14121;13978;-143;-1.01
RN;Lucrécia;3633;3490;-143;-3.94
PR;Borrazópolis;7878;7735;-143;-1.82
MG;Arapuá;2775;2631;-144;-5.19
PR;Nova Londrina;13067;12923;-144;-1.1
RN;Serrinha;6581;6436;-145;-2.2
RS;Eugênio de Castro;2778;2633;-145;-5.22
MG;Cascalho Rico;2857;2712;-145;-5.08
PR;Cruzeiro do Iguaçu;4278;4133;-145;-3.39
AL;Jundiá;4237;4092;-145;-3.42
MG;Pedrinópolis;3490;3344;-146;-4.18
MA;Anapurus;13939;13793;-146;-1.05
RS;Condor;6552;6406;-146;-2.23
BA;Uibaí;13578;13432;-146;-1.08
PI;São Miguel do Fidalgo;2976;2829;-147;-4.94
GO;Santa Isabel;3686;3538;-148;-4.02
PE;Nazaré da Mata;30796;30648;-148;-0.48
SC;Alto Bela Vista;2005;1856;-149;-7.43
PI;Floresta do Piauí;2482;2333;-149;-6.0
RN;Pedra Preta;2590;2441;-149;-5.75
RJ;Porciúncula;17437;17288;-149;-0.85
SC;Irineópolis;10434;10285;-149;-1.43
RJ;Laje do Muriaé;7487;7336;-151;-2.02
PR;Alto Paraíso;3206;3055;-151;-4.71
MG;Rio Preto;5292;5141;-151;-2.85
RS;Pedras Altas;2212;2061;-151;-6.83
CE;Potiretama;6126;5974;-152;-2.48
PB;Conceição;18412;18260;-152;-0.83
PR;Rosário do Ivaí;5588;5435;-153;-2.74
RS;Canudos do Vale;1809;1656;-153;-8.46
CE;Chaval;12615;12462;-153;-1.21
RS;Boa Vista do Incra;2425;2271;-154;-6.35
GO;Davinópolis;2056;1902;-154;-7.49
RS;Três Forquilhas;2914;2760;-154;-5.28
BA;Chorrochó;10734;10579;-155;-1.44
GO;Água Limpa;2013;1858;-155;-7.7
MG;São Pedro da União;5040;4885;-155;-3.08
GO;Jesúpolis;2278;2123;-155;-6.8
GO;Santo Antônio da Barra;4423;4267;-156;-3.53
RS;Vespasiano Corrêa;1974;1818;-156;-7.9
MA;São Mateus do Maranhão;38985;38829;-156;-0.4
TO;Palmeirante;4954;4798;-156;-3.15
MG;Itaverava;5799;5642;-157;-2.71
SC;Ipira;4735;4578;-157;-3.32
CE;Jaguaruana;31859;31701;-158;-0.5
PI;Agricolândia;5098;4940;-158;-3.1
PB;Mato Grosso;2702;2543;-159;-5.88
RO;Pimenteiras do Oeste;2315;2156;-159;-6.87
AM;Guajará;13974;13815;-159;-1.14
RS;Coxilha;2826;2667;-159;-5.63
MG;Belmiro Braga;3403;3244;-159;-4.67
PR;Lindoeste;5335;5175;-160;-3.0
SC;Palma Sola;7765;7605;-160;-2.06
TO;Chapada da Natividade;3277;3117;-160;-4.88
SP;Óleo;2673;2512;-161;-6.02
MG;Caparaó;5209;5048;-161;-3.09
PI;Jatobá do Piauí;4656;4494;-162;-3.48
RS;Travesseiro;2314;2152;-162;-7.0
BA;Mirante;10349;10187;-162;-1.57
SP;Ribeirão dos Índios;2187;2025;-162;-7.41
SP;Arapeí;2493;2330;-163;-6.54
AL;São Brás;6718;6555;-163;-2.43
MT;Vale de São Domingos;3068;2904;-164;-5.35
GO;Amaralina;3432;3268;-164;-4.78
BA;Buritirama;19753;19589;-164;-0.83
SE;Canhoba;3956;3791;-165;-4.17
PB;Cuitegi;6895;6730;-165;-2.39
CE;Deputado Irapuan Pinheiro;9097;8932;-165;-1.81
TO;Sucupira;1742;1577;-165;-9.47
PA;São Francisco do Pará;15060;14894;-166;-1.1
SP;Cruzália;2274;2108;-166;-7.3
MG;Passabém;1766;1600;-166;-9.4
PI;Alto Longá;13646;13479;-167;-1.22
SP;Platina;3192;3025;-167;-5.23
PE;Taquaritinga do Norte;24903;24736;-167;-0.67
PB;Livramento;7044;6877;-167;-2.37
PI;Arraial;4688;4520;-168;-3.58
PR;Virmond;3979;3811;-168;-4.22
MA;Presidente Vargas;10717;10549;-168;-1.57
MG;Ibituruna;2866;2698;-168;-5.86
MG;Berizal;4370;4201;-169;-3.87
PI;São João da Fronteira;5691;5522;-169;-2.97
SP;Santa Maria da Serra;5413;5243;-170;-3.14
RN;Jardim de Angicos;2607;2437;-170;-6.52
SC;São Domingos;9396;9226;-170;-1.81
SE;Siriri;8004;7834;-170;-2.12
PB;Monte Horebe;4508;4338;-170;-3.77
RS;São Domingos do Sul;2926;2754;-172;-5.88
RS;Vista Alegre;2832;2660;-172;-6.07
GO;Guarani de Goiás;4258;4085;-173;-4.06
RN;Serra Negra do Norte;7770;7597;-173;-2.23
PB;Casserengue;7062;6889;-173;-2.45
PI;Parnaguá;10276;10103;-173;-1.68
TO;Jaú do Tocantins;3507;3334;-173;-4.93
GO;Buritinópolis;3319;3145;-174;-5.24
RN;Francisco Dantas;2874;2700;-174;-6.05
RS;Ponte Preta;1750;1575;-175;-10.0
MG;Consolação;1738;1563;-175;-10.07
SP;Pedregulho;15700;15525;-175;-1.11
MG;Miraí;13808;13633;-175;-1.27
PR;Conselheiro Mairinck;3636;3461;-175;-4.81
RN;Rodolfo Fernandes;4418;4242;-176;-3.98
PB;Manaíra;10610;10434;-176;-1.66
SP;Júlio Mesquita;4430;4254;-176;-3.97
TO;Pugmil;2369;2193;-176;-7.43
PI;Santa Luz;5513;5336;-177;-3.21
BA;Andorinha;15190;15012;-178;-1.17
SP;Lourdes;2128;1950;-178;-8.36
GO;Córrego do Ouro;2632;2454;-178;-6.76
PB;Areia de Baraúnas;2183;2005;-178;-8.15
PB;Santa Teresinha;4581;4402;-179;-3.91
PB;Pilões;6995;6815;-180;-2.57
GO;Adelândia;2477;2297;-180;-7.27
SP;Novais;4592;4412;-180;-3.92
RS;Dois Lajeados;3278;3097;-181;-5.52
RS;Guabiju;1598;1417;-181;-11.33
PI;Santo Antônio de Lisboa;6020;5839;-181;-3.01
RS;Boa Vista das Missões;2114;1933;-181;-8.56
PB;Vieirópolis;5045;4864;-181;-3.59
RS;Cambará do Sul;6542;6361;-181;-2.77
RS;Morro Redondo;6227;6046;-181;-2.91
SP;Timburi;2646;2464;-182;-6.88
SP;Macaubal;7663;7481;-182;-2.38
MG;São Félix de Minas;3382;3200;-182;-5.38
AL;Roteiro;6656;6474;-182;-2.73
RS;Ibiaçá;4710;4527;-183;-3.89
SP;Restinga;6587;6404;-183;-2.78
MG;Tapiraí;1873;1690;-183;-9.77
TO;São Sebastião do Tocantins;4283;4100;-183;-4.27
PI;Pajeú do Piauí;3183;3000;-183;-5.75
CE;Granjeiro;5025;4841;-184;-3.66
RN;Almino Afonso;4871;4687;-184;-3.78
GO;Guaraíta;2372;2188;-184;-7.76
PE;Quixaba;6739;6554;-185;-2.75
MA;Presidente Juscelino;11541;11356;-185;-1.6
RN;Maxaranguape;10441;10255;-186;-1.78
PR;Marilândia do Sul;8863;8677;-186;-2.1
TO;Cachoeirinha;2148;1961;-187;-8.71
MG;São Gonçalo do Abaeté;7562;7375;-187;-2.47
MG;Lontra;8977;8790;-187;-2.08
BA;Jeremoabo;37814;37626;-188;-0.5
MG;Alpinópolis;18488;18300;-188;-1.02
MG;Faria Lemos;3376;3188;-188;-5.57
ES;Mucurici;5655;5466;-189;-3.34
PI;Sigefredo Pacheco;9649;9460;-189;-1.96
PI;Domingos Mourão;4264;4075;-189;-4.43
SE;Poço Verde;21983;21794;-189;-0.86
PE;Itapetim;13980;13791;-189;-1.35
MG;Porteirinha;37627;37438;-189;-0.5
MG;Cachoeira Dourada;2505;2315;-190;-7.58
RS;Muçum;4791;4601;-190;-3.97
MG;Luislândia;6400;6210;-190;-2.97
SP;São Francisco;2793;2602;-191;-6.84
RS;Independência;6618;6427;-191;-2.89
MG;Monjolos;2360;2169;-191;-8.09
PE;Canhotinho;24521;24329;-192;-0.78
PR;Ourizona;3380;3187;-193;-5.71
RO;São Miguel do Guaporé;21828;21635;-193;-0.88
MG;Rio Novo;8712;8518;-194;-2.23
MG;Dores de Guanhães;5223;5029;-194;-3.71
RS;Tuparendi;8557;8363;-194;-2.27
SP;Monções;2132;1937;-195;-9.15
BA;Ibipeba;16798;16603;-195;-1.16
PI;Porto Alegre do Piauí;2559;2364;-195;-7.62
PI;Santa Cruz do Piauí;6027;5831;-196;-3.25
SE;Pedra Mole;2974;2778;-196;-6.59
ES;Iconha;12523;12326;-197;-1.57
RS;Gaurama;5862;5665;-197;-3.36
MG;Wenceslau Braz;2553;2356;-197;-7.72
PR;Nova América da Colina;3478;3280;-198;-5.69
GO;Nova Glória;8509;8310;-199;-2.34
PE;Lagoa do Ouro;12132;11933;-199;-1.64
RS;Tupanci do Sul;1573;1374;-199;-12.65
MG;Comendador Gomes;2972;2773;-199;-6.7
PE;Jataúba;16042;15843;-199;-1.24
PB;Dona Inês;10579;10380;-199;-1.88
GO;Itarumã;6300;6101;-199;-3.16
MG;Senhora de Oliveira;5683;5483;-200;-3.52
PE;Santa Cruz da Baixa Verde;11768;11567;-201;-1.71
PR;Sertaneja;5817;5616;-201;-3.46
BA;Aiquara;4648;4447;-201;-4.32
MG;Alvinópolis;15261;15059;-202;-1.32
RS;Quevedos;2710;2507;-203;-7.49
PI;São João da Canabrava;4445;4242;-203;-4.57
MG;Oliveira;39466;39262;-204;-0.52
RN;Passa e Fica;11100;10896;-204;-1.84
GO;Bonópolis;3503;3299;-204;-5.82
MG;São Vicente de Minas;7008;6804;-204;-2.91
MA;Sucupira do Norte;10444;10238;-206;-1.97
PB;Cacimba de Areia;3498;3291;-207;-5.92
PI;Ribeira do Piauí;4263;4055;-208;-4.88
SP;Torre de Pedra;2254;2046;-208;-9.23
TO;Colméia;9150;8941;-209;-2.28
MG;Romaria;3596;3386;-210;-5.84
SC;Santa Cecília;15757;15546;-211;-1.34
RJ;Bom Jesus do Itabapoana;35385;35173;-212;-0.6
RS;Boa Vista do Cadeado;2441;2229;-212;-8.68
BA;Milagres;11283;11071;-212;-1.88
BA;Itapicuru;31891;31679;-212;-0.66
BA;Nazaré;27273;27060;-213;-0.78
PB;Curral Velho;2505;2292;-213;-8.5
MG;Argirita;2901;2688;-213;-7.34
BA;Itagibá;15523;15310;-213;-1.37
MG;Piranga;17232;17018;-214;-1.24
PR;Xambrê;6012;5798;-214;-3.56
TO;Santa Maria do Tocantins;2894;2680;-214;-7.39
SP;Águas da Prata;7584;7369;-215;-2.83
PR;Santa Mônica;3571;3356;-215;-6.02
SC;Vargem;2843;2627;-216;-7.6
SP;Rancharia;28804;28588;-216;-0.75
MT;Glória D'Oeste;3121;2905;-216;-6.92
AL;Olivença;11029;10812;-217;-1.97
SP;Taiaçu;5894;5677;-217;-3.68
GO;Heitoraí;3571;3354;-217;-6.08
GO;Paraúna;10876;10659;-217;-2.0
SC;Vargem Bonita;4793;4576;-217;-4.53
TO;Goianorte;4956;4738;-218;-4.4
MS;Novo Horizonte do Sul;4940;4721;-219;-4.43
PB;Barra de Santana;8278;8059;-219;-2.65
MG;Ponto Chique;3966;3747;-219;-5.52
SC;Monte Carlo;9337;9117;-220;-2.36
MG;Santo Antônio do Itambé;4135;3915;-220;-5.32
MG;Coronel Pacheco;2983;2762;-221;-7.41
PI;Wall Ferraz;4280;4059;-221;-5.16
SC;Barra Bonita;1889;1668;-221;-11.7
CE;Arneiroz;7650;7429;-221;-2.89
MG;Cantagalo;4195;3974;-221;-5.27
BA;Lagoa Real;14326;14105;-221;-1.54
RS;Campinas do Sul;5506;5284;-222;-4.03
TO;Tupiratins;2097;1874;-223;-10.63
MG;Goiabeira;3053;2830;-223;-7.3
GO;Formoso;4883;4660;-223;-4.57
RS;Aceguá;4394;4170;-224;-5.1
PE;Terezinha;6737;6513;-224;-3.32
SP;Casa Branca;28307;28083;-224;-0.79
SP;São José do Barreiro;4077;3853;-224;-5.49
RS;Ipiranga do Sul;1944;1720;-224;-11.52
AL;São Sebastião;32010;31786;-224;-0.7
BA;Ibiquera;3949;3725;-224;-5.67
RS;Jari;3573;3349;-224;-6.27
RS;Vitória das Missões;3485;3260;-225;-6.46
PB;São Domingos;2820;2595;-225;-7.98
RS;Benjamin Constant do Sul;2307;2082;-225;-9.75
PB;Pitimbu;16976;16751;-225;-1.33
PB;Juripiranga;10237;10012;-225;-2.2
PA;São Caetano de Odivelas;16891;16666;-225;-1.33
BA;Itabela;28391;28165;-226;-0.8
GO;Panamá;2681;2455;-226;-8.43
SP;Ribeira;3358;3132;-226;-6.73
SC;Campo Belo do Sul;7483;7257;-226;-3.02
MS;Batayporã;10939;10712;-227;-2.08
RS;Santa Tereza;1732;1505;-227;-13.11
RS;Ivorá;2156;1929;-227;-10.53
SE;Itabi;4972;4745;-227;-4.57
MA;Fortuna;17203;16976;-227;-1.32
TO;Bernardo Sayão;4456;4229;-227;-5.09
TO;Novo Jardim;2457;2230;-227;-9.24
MG;Formoso;8177;7949;-228;-2.79
RS;Pejuçara;3973;3745;-228;-5.74
MT;Salto do Céu;3908;3679;-229;-5.86
CE;Quixelô;16139;15910;-229;-1.42
PR;Rancho Alegre D'Oeste;2847;2618;-229;-8.04
CE;Lavras da Mangabeira;31032;30802;-230;-0.74
PR;Figueira;8293;8062;-231;-2.79
RS;Engenho Velho;1527;1296;-231;-15.13
TO;Riachinho;4191;3960;-231;-5.51
MS;Santa Rita do Pardo;7259;7027;-232;-3.2
RS;Bom Progresso;2328;2096;-232;-9.97
RS;Erval Grande;5163;4930;-233;-4.51
PR;Santo Antônio do Caiuá;2727;2493;-234;-8.58
PA;Medicilândia;27328;27094;-234;-0.86
AP;Cutias;4696;4461;-235;-5.0
PI;Cajazeiras do Piauí;3343;3108;-235;-7.03
PR;Iracema do Oeste;2578;2343;-235;-9.12
PB;São José dos Cordeiros;3646;3411;-235;-6.45
MG;Cordislândia;3435;3200;-235;-6.84
RS;Campina das Missões;6117;5882;-235;-3.84
RS;Caiçara;5071;4836;-235;-4.63
MS;Rio Negro;5077;4841;-236;-4.65
MT;Indiavaí;2449;2213;-236;-9.64
BA;Coronel João Sá;17293;17056;-237;-1.37
RS;Coqueiro Baixo;1528;1290;-238;-15.58
RS;Humaitá;4919;4681;-238;-4.84
MG;Santa Rita de Jacutinga;4993;4755;-238;-4.77
RS;Quatro Irmãos;1790;1552;-238;-13.3
MG;São João Evangelista;15553;15315;-238;-1.53
GO;Palestina de Goiás;3371;3132;-239;-7.09
RS;Carlos Gomes;1607;1368;-239;-14.87
MG;Frei Gaspar;5879;5640;-239;-4.07
PE;Serrita;18446;18207;-239;-1.3
SP;Marabá Paulista;4812;4573;-239;-4.97
GO;Novo Planalto;3956;3716;-240;-6.07
BA;Gavião;4600;4360;-240;-5.22
MA;Mirinzal;14218;13978;-240;-1.69
MG;São José do Goiabal;5636;5396;-240;-4.26
MG;Fernandes Tourinho;3030;2789;-241;-7.95
PI;Beneditinos;10170;9929;-241;-2.37
CE;Graça;14042;13801;-241;-1.72
RS;Relvado;2037;1796;-241;-11.83
RS;Cândido Godói;6535;6294;-241;-3.69
SE;Cedro de São João;5633;5391;-242;-4.3
PB;Serra Redonda;7070;6828;-242;-3.42
PR;Corumbataí do Sul;4002;3760;-242;-6.05
RN;Itaú;5564;5320;-244;-4.39
ES;Muniz Freire;18397;18153;-244;-1.33
RS;Centenário;2965;2721;-244;-8.23
BA;Cardeal da Silva;8609;8365;-244;-2.83
TO;Natividade;9000;8754;-246;-2.73
PR;Bela Vista do Paraíso;15079;14833;-246;-1.63
GO;Mundo Novo;6435;6189;-246;-3.82
MG;Andrelândia;12173;11927;-246;-2.02
MG;Bandeira;4987;4741;-246;-4.93
RS;Coqueiros do Sul;2457;2211;-246;-10.01
MG;Biquinhas;2630;2383;-247;-9.39
MS;Brasilândia;11826;11579;-247;-2.09
PA;Chaves;21005;20757;-248;-1.18
CE;Nova Russas;30947;30699;-248;-0.8
GO;Caiapônia;16762;16513;-249;-1.49
MG;Morro da Garça;2660;2411;-249;-9.36
PI;Dom Expedito Lopes;6569;6320;-249;-3.79
SP;Dois Córregos;24761;24510;-251;-1.01
AM;Anamã;10214;9962;-252;-2.47
MG;Córrego Novo;3127;2875;-252;-8.06
SP;Iporanga;4299;4046;-253;-5.89
BA;Caravelas;20833;20580;-253;-1.21
SP;Marinópolis;2113;1860;-253;-11.97
PI;Hugo Napoleão;3771;3518;-253;-6.71
SP;Bananal;10223;9969;-254;-2.48
MA;Igarapé Grande;10485;10231;-254;-2.42
PB;São Francisco;3391;3137;-254;-7.49
GO;Americano do Brasil;5513;5259;-254;-4.61
RS;Gramado dos Loureiros;2269;2014;-255;-11.24
MG;Papagaios;14175;13920;-255;-1.8
PI;São Luis do Piauí;2564;2309;-255;-9.95
RS;Rolador;2546;2291;-255;-10.02
SP;Motuca;4290;4034;-256;-5.97
SP;Igaraçu do Tietê;23362;23106;-256;-1.1
ES;Rio Novo do Sul;11325;11069;-256;-2.26
RS;Victor Graeff;3036;2780;-256;-8.43
RN;Porto do Mangue;5484;5228;-256;-4.67
RS;Dilermando de Aguiar;3063;2806;-257;-8.39
BA;Ribeira do Amparo;14098;13841;-257;-1.82
MT;Dom Aquino;8129;7872;-257;-3.16
MG;Cássia;17412;17155;-257;-1.48
PR;Floraí;5050;4792;-258;-5.11
RS;Inhacorá;2272;2014;-258;-11.36
MG;Virginópolis;10572;10314;-258;-2.44
MG;Ouro Verde de Minas;6016;5757;-259;-4.31
PR;Nossa Senhora das Graças;3928;3669;-259;-6.59
PB;Cuité;19978;19719;-259;-1.3
SE;Carira;20199;19939;-260;-1.29
PE;Cedro;10778;10518;-260;-2.41
SP;Alto Alegre;4102;3841;-261;-6.36
RS;Caibaté;4967;4704;-263;-5.29
PR;Salgado Filho;4338;4075;-263;-6.06
SE;São Miguel do Aleixo;3698;3434;-264;-7.14
RS;Três Arroios;2855;2591;-264;-9.25
SC;Cerro Negro;3581;3317;-264;-7.37
SP;Parapuã;10844;10580;-264;-2.43
RS;São João da Urtiga;4726;4461;-265;-5.61
SP;Flora Rica;1752;1487;-265;-15.13
RS;Cacique Doble;4868;4603;-265;-5.44
RN;Severiano Melo;5752;5487;-265;-4.61
SP;Riolândia;10575;10309;-266;-2.52
BA;Lamarão;9281;9015;-266;-2.87
PB;Lagoa;4681;4415;-266;-5.68
MG;Morro do Pilar;3399;3133;-266;-7.83
MG;Coqueiral;9289;9023;-266;-2.86
MG;Lamim;3452;3184;-268;-7.76
PI;São João da Varjota;4651;4383;-268;-5.76
MG;Alpercata;7172;6903;-269;-3.75
PI;Itainópolis;11059;10790;-269;-2.43
RS;Áurea;3665;3396;-269;-7.34
MG;São José da Safira;4075;3806;-269;-6.6
SP;Floreal;3003;2733;-270;-8.99
MA;Nova Iorque;4590;4320;-270;-5.88
PR;Cruzmaltina;3162;2892;-270;-8.54
SC;Iraceminha;4257;3986;-271;-6.37
RS;Manoel Viana;7072;6801;-271;-3.83
BA;Maiquinique;9004;8731;-273;-3.03
SP;Pirajuí;22704;22431;-273;-1.2
SP;Piquerobi;3537;3264;-273;-7.72
RS;Nova Ramada;2437;2163;-274;-11.24
CE;Santana do Cariri;17228;16954;-274;-1.59
PI;Bocaina;4353;4078;-275;-6.32
MG;Monte Formoso;4656;4381;-275;-5.91
SP;Sete Barras;13005;12730;-275;-2.11
PI;Padre Marcos;6657;6382;-275;-4.13
MG;Varzelândia;19116;18840;-276;-1.44
MA;Gonçalves Dias;17482;17206;-276;-1.58
PR;Curiúva;13923;13647;-276;-1.98
PR;Santa Cecília do Pavão;3642;3365;-277;-7.61
MA;Governador Luiz Rocha;7340;7063;-277;-3.77
PB;São Mamede;7748;7470;-278;-3.59
BA;Érico Cardoso;10882;10604;-278;-2.55
PR;Peabiru;13624;13346;-278;-2.04
PI;Barro Duro;6919;6640;-279;-4.03
PR;Santa Lúcia;3923;3644;-279;-7.11
AL;Matriz de Camaragibe;24137;23857;-280;-1.16
BA;Pé de Serra;13523;13243;-280;-2.07
SP;Pracinha;2858;2578;-280;-9.8
RN;Paraú;3859;3579;-280;-7.26
MA;Itaipava do Grajaú;14110;13828;-282;-2.0
MG;Santa Rita de Ibitipoca;3583;3301;-282;-7.87
BA;Caraíbas;10222;9940;-282;-2.76
PB;Nova Olinda;6070;5787;-283;-4.66
PR;Santo Antônio do Paraíso;2408;2125;-283;-11.75
ES;Itarana;10881;10597;-284;-2.61
MG;Estrela Dalva;2470;2186;-284;-11.5
TO;Itacajá;7104;6819;-285;-4.01
AL;Junqueiro;24192;23907;-285;-1.18
MG;Angelândia;8003;7718;-285;-3.56
GO;Mutunópolis;3849;3564;-285;-7.4
PR;Roncador;11537;11251;-286;-2.48
SP;Divinolândia;11445;11158;-287;-2.51
PR;Ventania;9968;9681;-287;-2.88
RS;Novo Cabrais;3855;3568;-287;-7.44
RN;Coronel Ezequiel;5405;5117;-288;-5.33
PI;Eliseu Martins;4665;4377;-288;-6.17
PR;Lunardelli;5160;4872;-288;-5.58
SP;Iacri;6419;6131;-288;-4.49
PE;Passira;28628;28340;-288;-1.01
ES;Apiacá;7512;7223;-289;-3.85
MG;Carmo da Cachoeira;11836;11547;-289;-2.44
MG;Cambuquira;12602;12313;-289;-2.29
RN;Pedro Velho;14114;13824;-290;-2.05
PI;Coronel José Dias;4541;4250;-291;-6.41
RS;São Martinho;5773;5481;-292;-5.06
BA;Tabocas do Brejo Velho;12271;11979;-292;-2.38
PE;São Vicente Férrer;16969;16677;-292;-1.72
GO;Goiandira;5265;4973;-292;-5.55
RS;Colorado;3550;3258;-292;-8.23
PB;Fagundes;11341;11049;-292;-2.57
RS;Porto Vera Cruz;1852;1560;-292;-15.77
PB;Cajazeirinhas;3033;2740;-293;-9.66
RS;Saldanha Marinho;2869;2575;-294;-10.25
RS;Sete de Setembro;2124;1830;-294;-13.84
TO;Angico;3170;2876;-294;-9.27
RS;Jacutinga;3633;3338;-295;-8.12
BA;Riachão das Neves;21937;21642;-295;-1.34
TO;Conceição do Tocantins;4182;3887;-295;-7.05
MG;São Francisco de Paula;6483;6187;-296;-4.57
SE;Pinhão;5973;5677;-296;-4.96
MG;Diogo de Vasconcelos;3848;3549;-299;-7.77
SP;Pradópolis;17377;17078;-299;-1.72
MA;São Félix de Balsas;4702;4402;-300;-6.38
PE;Triunfo;15006;14705;-301;-2.01
PR;Ivatuba;3010;2708;-302;-10.03
GO;Campos Belos;18410;18108;-302;-1.64
RS;São José do Herval;2204;1902;-302;-13.7
RS;Ubiretama;2296;1994;-302;-13.15
MT;Canabrava do Norte;4788;4485;-303;-6.33
SP;Borborema;14529;14226;-303;-2.09
PI;Tanque do Piauí;2620;2316;-304;-11.6
MG;Dom Cavati;5209;4904;-305;-5.86
RN;Bento Fernandes;5113;4807;-306;-5.98
PB;Emas;3317;3011;-306;-9.23
RS;Sede Nova;3011;2704;-307;-10.2
RS;Barra do Rio Azul;2003;1696;-307;-15.33
PI;São José do Divino;5148;4841;-307;-5.96
MA;Montes Altos;9413;9106;-307;-3.26
RS;Charqueadas;35320;35012;-308;-0.87
BA;São Domingos;8734;8426;-308;-3.53
MS;Eldorado;11694;11386;-308;-2.63
BA;Ibipitanga;14171;13863;-308;-2.17
SE;Gararu;11405;11096;-309;-2.71
PR;Boa Esperança do Iguaçu;2764;2455;-309;-11.18
SP;Turmalina;1978;1669;-309;-15.62
PR;Fênix;4802;4492;-310;-6.46
MS;Sonora;14827;14516;-311;-2.1
PB;Duas Estradas;3638;3327;-311;-8.55
PB;Santa Inês;3539;3227;-312;-8.82
RS;Maçambará;4738;4425;-313;-6.61
MG;Januária;65463;65150;-313;-0.48
SP;Santa Adélia;14333;14018;-315;-2.2
PE;Vertente do Lério;7873;7558;-315;-4.0
GO;Teresina de Goiás;3016;2701;-315;-10.44
MA;Lagoa do Mato;10887;10572;-315;-2.89
MG;Camacho;3154;2838;-316;-10.02
RS;União da Serra;1487;1170;-317;-21.32
PB;Diamante;6616;6299;-317;-4.79
RS;Bom Jesus;11519;11202;-317;-2.75
MG;Cana Verde;5589;5272;-317;-5.67
SE;Santo Amaro das Brotas;11410;11092;-318;-2.79
PB;Santana de Mangueira;5328;5010;-318;-5.97
BA;São Felipe;20601;20283;-318;-1.54
SP;Presidente Alves;4123;3804;-319;-7.74
RS;Jaboticaba;4098;3779;-319;-7.78
TO;Nova Olinda;10686;10367;-319;-2.99
MG;Santa Cruz do Escalvado;4992;4673;-319;-6.39
RS;Ibiraiaras;7095;6776;-319;-4.5
BA;Uauá;24985;24665;-320;-1.28
SC;Santa Terezinha do Progresso;2896;2576;-320;-11.05
PI;Santana do Piauí;4445;4125;-320;-7.2
AL;Batalha;16769;16448;-321;-1.91
AL;Palestina;4646;4325;-321;-6.91
PB;Catingueira;4812;4491;-321;-6.67
RS;Dona Francisca;3401;3079;-322;-9.47
PR;Pinhão;30208;29886;-322;-1.07
CE;Baixio;6026;5704;-322;-5.34
BA;Pintadas;10649;10325;-324;-3.04
PR;Jardim Alegre;12328;12004;-324;-2.63
TO;Ponte Alta do Bom Jesus;4544;4220;-324;-7.13
MG;Mamonas;6321;5997;-324;-5.13
PR;São João do Caiuá;5911;5586;-325;-5.5
MG;Santo Antônio do Retiro;6955;6629;-326;-4.69
BA;Nova Ibiá;6827;6501;-326;-4.78
RS;Pedro Osório;7811;7484;-327;-4.19
GO;Israelândia;2887;2560;-327;-11.33
CE;Ereré;6802;6474;-328;-4.82
AL;Messias;15733;15405;-328;-2.08
SP;Luiziânia;5030;4701;-329;-6.54
PI;Acauã;6749;6420;-329;-4.87
PR;Uniflor;2466;2136;-330;-13.38
MG;Itabirinha;10692;10362;-330;-3.09
PI;Lagoa do Sítio;4850;4520;-330;-6.8
RN;Antônio Martins;6907;6577;-330;-4.78
MG;Itapecerica;21377;21046;-331;-1.55
GO;Arenópolis;3277;2946;-331;-10.1
PB;Riachão;3258;2927;-331;-10.16
PA;Garrafão do Norte;25034;24703;-331;-1.32
MG;Ipiaçu;4107;3775;-332;-8.08
MG;Arceburgo;9509;9177;-332;-3.49
MG;Mathias Lobato;3370;3038;-332;-9.85
GO;Trombas;3452;3120;-332;-9.62
PR;Antônio Olinto;7351;7018;-333;-4.53
SC;Saltinho;3966;3632;-334;-8.42
MG;Bonfinópolis de Minas;5865;5528;-337;-5.75
RS;Sério;2279;1941;-338;-14.83
RS;Ibirapuitã;4061;3723;-338;-8.32
TO;Fátima;3805;3467;-338;-8.88
SC;Anita Garibaldi;8623;8285;-338;-3.92
PR;Diamante do Sul;3510;3171;-339;-9.66
MA;Primeira Cruz;13954;13614;-340;-2.44
MG;Capitão Andrade;4925;4585;-340;-6.9
SC;Anchieta;6283;5943;-340;-5.41
SP;Ibirarema;6725;6385;-340;-5.06
MG;Cristiano Otoni;5007;4667;-340;-6.79
RS;São Martinho da Serra;3201;2860;-341;-10.65
BA;Angical;14073;13732;-341;-2.42
MG;Fronteira dos Vales;4687;4345;-342;-7.3
RO;Castanheiras;3575;3233;-342;-9.57
MA;Passagem Franca;17562;17220;-342;-1.95
MG;São Geraldo do Baixio;3486;3143;-343;-9.84
RS;São Vicente do Sul;8440;8097;-343;-4.06
GO;Montividiu do Norte;4122;3779;-343;-8.32
TO;Dueré;4592;4248;-344;-7.49
SC;Ouro;7376;7032;-344;-4.66
MG;Monte Santo de Minas;21234;20890;-344;-1.62
MT;Jangada;7771;7426;-345;-4.44
MG;Juramento;4113;3768;-345;-8.39
MG;Antônio Dias;9565;9219;-346;-3.62
MG;Gameleiras;5139;4793;-346;-6.73
RS;Barra do Ribeiro;12572;12225;-347;-2.76
TO;Recursolândia;3768;3421;-347;-9.21
MT;Nova Guarita;4937;4590;-347;-7.03
RS;Chuvisca;4944;4597;-347;-7.02
PR;São Jorge do Ivaí;5517;5168;-349;-6.33
BA;Coribe;14339;13990;-349;-2.43
GO;Mossâmedes;5003;4654;-349;-6.98
MA;São João do Soter;17238;16889;-349;-2.02
RS;Floriano Peixoto;2018;1668;-350;-17.34
PR;Manfrinópolis;3120;2770;-350;-11.22
MG;Gouveia;11681;11331;-350;-3.0
PR;Capitão Leônidas Marques;14998;14648;-350;-2.33
MA;Icatu;25145;24794;-351;-1.4
RS;Mariano Moro;2210;1858;-352;-15.93
MG;Catas Altas da Noruega;3462;3110;-352;-10.17
MG;São Tomás de Aquino;7093;6740;-353;-4.98
PE;Sairé;11240;10887;-353;-3.14
MG;Santana dos Montes;3822;3469;-353;-9.24
MS;Jardim;24335;23981;-354;-1.45
MG;São Sebastião do Rio Preto;1613;1259;-354;-21.95
PI;Itaueira;10678;10323;-355;-3.32
PI;Francisco Santos;8592;8237;-355;-4.13
MG;Caranaíba;3288;2933;-355;-10.8
GO;Turvânia;4835;4480;-355;-7.34
CE;Cariré;17987;17632;-355;-1.97
MG;São José do Jacuri;6553;6197;-356;-5.43
RS;Tucunduva;5898;5542;-356;-6.04
BA;Santa Inês;10656;10300;-356;-3.34
SC;Galvão;3567;3210;-357;-10.01
GO;Araguapaz;7510;7153;-357;-4.75
SP;General Salgado;10669;10312;-357;-3.35
PR;Centenário do Sul;11190;10832;-358;-3.2
TO;Arraias;10645;10287;-358;-3.36
RS;Vila Nova do Sul;4221;3863;-358;-8.48
PI;Sebastião Barros;3560;3202;-358;-10.06
RS;São José das Missões;2720;2362;-358;-13.16
RS;Dezesseis de Novembro;2866;2507;-359;-12.53
BA;Cícero Dantas;31266;30907;-359;-1.15
PI;Santa Cruz dos Milagres;3794;3435;-359;-9.46
SP;Caiabu;4072;3712;-360;-8.84
MG;Francisco Dumont;4863;4503;-360;-7.4
PR;Godoy Moreira;3337;2977;-360;-10.79
SC;Brunópolis;2850;2489;-361;-12.67
MG;Santa Bárbara do Tugúrio;4570;4208;-362;-7.92
RS;David Canabarro;4683;4321;-362;-7.73
MS;Caracol;5398;5036;-362;-6.71
MG;Catuti;5102;4739;-363;-7.11
SP;Altair;3815;3451;-364;-9.54
SP;Aparecida d'Oeste;4450;4086;-364;-8.18
TO;Palmeirópolis;7339;6975;-364;-4.96
GO;Baliza;3715;3351;-364;-9.8
PR;Tomazina;8791;8426;-365;-4.15
RS;São Miguel das Missões;7421;7056;-365;-4.92
SC;Lebon Régis;11838;11472;-366;-3.09
RN;Sítio Novo;5020;4654;-366;-7.29
BA;Valente;24730;24362;-368;-1.49
MG;Veredinha;5549;5181;-368;-6.63
RS;São Valentim;3632;3264;-368;-10.13
RN;Marcelino Vieira;8265;7896;-369;-4.46
SC;Bom Jardim da Serra;4395;4026;-369;-8.4
TO;Carrasco Bonito;3688;3318;-370;-10.03
MG;São José do Divino;3834;3464;-370;-9.65
PR;Reserva;24943;24573;-370;-1.48
GO;Aurilândia;3654;3284;-370;-10.13
BA;Crisópolis;20099;19729;-370;-1.84
SP;Jaborandi;6592;6221;-371;-5.63
GO;Matrinchã;4414;4042;-372;-8.43
SP;Lupércio;4353;3981;-372;-8.55
PR;Diamante do Norte;5516;5142;-374;-6.78
PB;Bom Sucesso;5035;4661;-374;-7.43
BA;Antônio Cardoso;11521;11146;-375;-3.25
BA;Ibirataia;19168;18792;-376;-1.96
PB;Aroeiras;19082;18705;-377;-1.98
PB;Pedra Lavrada;7236;6859;-377;-5.21
PR;Mariluz;10224;9847;-377;-3.69
MT;Nova Canaã do Norte;12084;11707;-377;-3.12
MG;Brás Pires;4637;4260;-377;-8.13
MG;São Francisco do Glória;5178;4800;-378;-7.3
SP;Itapura;4357;3979;-378;-8.68
AL;Jacaré dos Homens;5461;5083;-378;-6.92
SP;Santópolis do Aguapeí;4277;3899;-378;-8.84
PR;Terra Rica;15221;14842;-379;-2.49
PR;Campo Bonito;4407;4027;-380;-8.62
AL;Água Branca;19389;19008;-381;-1.97
PI;Socorro do Piauí;4522;4141;-381;-8.43
MG;Corinto;23914;23532;-382;-1.6
SC;Ponte Serrada;11031;10649;-382;-3.46
GO;São Miguel do Araguaia;22283;21900;-383;-1.72
MG;Pai Pedro;5934;5551;-383;-6.45
RS;Toropi;2938;2554;-384;-13.07
MG;Ipuiúna;9521;9135;-386;-4.05
ES;São Roque do Canaã;11273;10886;-387;-3.43
PR;Guaraci;5135;4748;-387;-7.54
MG;Felisburgo;6877;6489;-388;-5.64
RS;Herveiras;2954;2565;-389;-13.17
RN;Ruy Barbosa;3595;3206;-389;-10.82
MG;Itamarati de Minas;4079;3690;-389;-9.54
RN;Olho d'Água do Borges;4295;3905;-390;-9.08
TO;Araguacema;6317;5927;-390;-6.17
SC;Passos Maia;4425;4034;-391;-8.84
MG;Novorizonte;4963;4571;-392;-7.9
PI;Pimenteiras;11733;11341;-392;-3.34
PR;Paranapoema;2791;2398;-393;-14.08
SC;Coronel Martins;2458;2065;-393;-15.99
MG;Santana do Jacaré;4607;4214;-393;-8.53
MG;Capela Nova;4755;4362;-393;-8.26
PR;Leópolis;4145;3752;-393;-9.48
PB;São José da Lagoa Tapada;7520;7126;-394;-5.24
SC;Palmitos;16020;15626;-394;-2.46
PE;Ibirajuba;7534;7140;-394;-5.23
MG;Conceição da Barra de Minas;3954;3560;-394;-9.96
PB;Cachoeira dos Índios;9546;9151;-395;-4.14
GO;Nova Roma;3471;3076;-395;-11.38
RS;Entre Rios do Sul;3080;2685;-395;-12.82
MG;Raul Soares;23818;23423;-395;-1.66
RS;Redentora;10135;9738;-397;-3.92
RN;São Rafael;8111;7711;-400;-4.93
PB;Ibiara;6031;5631;-400;-6.63
AL;Quebrangulo;11480;11080;-400;-3.48
RS;Porto Mauá;2542;2142;-400;-15.74
PB;Arara;12613;12212;-401;-3.18
MG;Pratápolis;8807;8406;-401;-4.55
PI;Novo Oriente do Piauí;6498;6097;-401;-6.17
MG;Arinos;17674;17272;-402;-2.27
PI;São José do Peixe;3700;3297;-403;-10.89
SP;Mariápolis;3916;3513;-403;-10.29
RN;Japi;5522;5117;-405;-7.33
RS;Silveira Martins;2434;2028;-406;-16.68
BA;Xique-Xique;45164;44757;-407;-0.9
MG;Tumiritinga;6293;5886;-407;-6.47
RS;Itapuca;2344;1937;-407;-17.36
MG;Paineiras;4631;4224;-407;-8.79
ES;Afonso Cláudio;31091;30684;-407;-1.31
CE;Redenção;27622;27214;-408;-1.48
TO;Nova Rosalândia;3770;3362;-408;-10.82
SP;Irapuã;7275;6867;-408;-5.61
MG;Conceição do Rio Verde;12949;12541;-408;-3.15
PA;Irituia;31364;30955;-409;-1.3
PR;Santa Amélia;3803;3394;-409;-10.75
PI;Aroazes;5779;5369;-410;-7.09
RS;Lagoa Bonita do Sul;2662;2251;-411;-15.44
MA;Vitória do Mearim;31217;30805;-412;-1.32
MG;Sem-Peixe;2847;2433;-414;-14.54
RN;Taipu;11836;11422;-414;-3.5
MG;Brazópolis;14661;14246;-415;-2.83
PR;Porto Amazonas;4514;4098;-416;-9.22
BA;Lajedinho;3943;3527;-416;-10.55
CE;Abaiara;10456;10038;-418;-4.0
PE;Camutanga;8168;7750;-418;-5.12
GO;Diorama;2481;2062;-419;-16.89
PI;Isaías Coelho;8193;7774;-419;-5.11
BA;Caturama;9260;8841;-419;-4.52
PE;Calumbi;5648;5228;-420;-7.44
MT;Feliz Natal;10942;10521;-421;-3.85
MG;Baldim;7913;7492;-421;-5.32
MA;Sucupira do Riachão;5406;4985;-421;-7.79
MG;Augusto de Lima;4960;4538;-422;-8.51
PI;Regeneração;17556;17133;-423;-2.41
PR;Marquinho;4928;4504;-424;-8.6
MT;Porto Estrela;3649;3224;-425;-11.65
MS;Jateí;4011;3586;-425;-10.6
BA;Jiquiriçá;14055;13629;-426;-3.03
MS;Guia Lopes da Laguna;10366;9940;-426;-4.11
MG;São Miguel do Anta;6760;6334;-426;-6.3
MA;Duque Bacelar;10649;10223;-426;-4.0
RS;Mata;5125;4698;-427;-8.33
SP;Glicério;4565;4138;-427;-9.35
MG;Serra Azul de Minas;4220;3792;-428;-10.14
RO;Machadinho D'Oeste;31135;30707;-428;-1.37
MG;Jequeri;12848;12419;-429;-3.34
RS;Estação;6011;5582;-429;-7.14
MG;Senhora do Porto;3497;3067;-430;-12.3
AL;Minador do Negrão;5275;4845;-430;-8.15
MG;Córrego Danta;3391;2960;-431;-12.71
MG;Amparo do Serra;4972;4541;-431;-8.67
MT;Novo Horizonte do Norte;3780;3349;-431;-11.4
MG;Abadia dos Dourados;6704;6272;-432;-6.44
MG;Bias Fortes;3793;3361;-432;-11.39
PI;Buriti dos Montes;7866;7434;-432;-5.49
PR;Farol;3472;3039;-433;-12.47
SP;Salesópolis;15635;15202;-433;-2.77
RJ;Mendes;17935;17502;-433;-2.41
PR;Flor da Serra do Sul;4798;4364;-434;-9.05
RS;Braga;3702;3268;-434;-11.72
SP;Cândido Mota;29884;29449;-435;-1.46
TO;Centenário;2566;2131;-435;-16.95
RS;Severiano de Almeida;3842;3406;-436;-11.35
MA;Santa Filomena do Maranhão;7133;6697;-436;-6.11
RN;Governador Dix-Sept Rosado;12374;11938;-436;-3.52
PB;Mãe d'Água;4019;3583;-436;-10.85
AL;Piranhas;23045;22609;-436;-1.89
BA;Itanagra;6352;5914;-438;-6.9
RN;Acari;11035;10597;-438;-3.97
BA;Santana;25194;24755;-439;-1.74
RS;Derrubadas;3190;2751;-439;-13.76
PI;Colônia do Piauí;7433;6994;-439;-5.91
AL;Feliz Deserto;4403;3963;-440;-9.99
RJ;Cantagalo;19830;19390;-440;-2.22
TO;Novo Alegre;2286;1846;-440;-19.25
MA;São Raimundo do Doca Bezerra;6090;5650;-440;-7.22
MT;Acorizal;5454;5014;-440;-8.07
BA;Central;16789;16348;-441;-2.63
PR;Guaraqueçaba;7871;7430;-441;-5.6
BA;Lapão;26178;25736;-442;-1.69
BA;Santa Brígida;15407;14965;-442;-2.87
MG;Presidente Juscelino;3908;3465;-443;-11.34
PR;Rancho Alegre;3955;3512;-443;-11.2
MG;Pedras de Maria da Cruz;10876;10433;-443;-4.07
MA;Buriti Bravo;22899;22455;-444;-1.94
RS;Ronda Alta;10221;9777;-444;-4.34
GO;Pilar de Goiás;2773;2328;-445;-16.05
PR;Mangueirinha;17048;16603;-445;-2.61
GO;Fazenda Nova;6322;5877;-445;-7.04
MG;Santa Fé de Minas;3968;3522;-446;-11.24
RS;Itacurubi;3441;2995;-446;-12.96
MT;Tesouro;3472;3025;-447;-12.87
PR;Presidente Castelo Branco;4784;4336;-448;-9.36
RO;Primavera de Rondônia;3524;3076;-448;-12.71
SP;Murutinga do Sul;4186;3737;-449;-10.73
SP;Areiópolis;10579;10130;-449;-4.24
MT;Reserva do Cabaçal;2572;2122;-450;-17.5
SP;Santa Rosa de Viterbo;23862;23411;-451;-1.89
PE;São Joaquim do Monte;20488;20037;-451;-2.2
PB;Igaracy;6099;5648;-451;-7.39
MG;Joaquim Felício;4305;3854;-451;-10.48
PR;Alto Piquiri;10179;9727;-452;-4.44
PR;Inajá;2988;2536;-452;-15.13
GO;Divinópolis de Goiás;4909;4457;-452;-9.21
BA;Laje;21505;21052;-453;-2.11
AL;Tanque d'Arca;6249;5796;-453;-7.25
SC;Água Doce;6961;6508;-453;-6.51
AL;Pão de Açúcar;24277;23823;-454;-1.87
RS;Unistalda;2450;1995;-455;-18.57
PB;Brejo dos Santos;6198;5742;-456;-7.36
SE;Pirambu;8369;7913;-456;-5.45
SC;Ponte Alta;4894;4437;-457;-9.34
RO;Seringueiras;11629;11171;-458;-3.94
SC;Monte Castelo;8194;7736;-458;-5.59
RN;Jardim do Seridó;12113;11655;-458;-3.78
PR;Porto Vitória;4020;3562;-458;-11.39
RN;São Pedro;6235;5776;-459;-7.36
TO;Wanderlândia;10981;10522;-459;-4.18
SP;Cardoso;11805;11345;-460;-3.9
TO;Brejinho de Nazaré;5185;4725;-460;-8.87
RN;Equador;5822;5360;-462;-7.94
MG;Ponto dos Volantes;11345;10883;-462;-4.07
PE;Itambé;35398;34935;-463;-1.31
BA;Licínio de Almeida;12297;11834;-463;-3.77
MG;Leme do Prado;4804;4341;-463;-9.64
PR;Ribeirão do Pinhal;13524;13060;-464;-3.43
RN;Riacho da Cruz;3165;2701;-464;-14.66
SP;Itaporanga;14549;14085;-464;-3.19
PR;Paulo Frontin;6808;6343;-465;-6.83
BA;Jussari;6353;5888;-465;-7.32
BA;Biritinga;15612;15146;-466;-2.98
RS;Jacuizinho;2507;2040;-467;-18.63
MG;São Pedro do Suaçuí;5570;5103;-467;-8.38
AL;Mar Vermelho;3623;3155;-468;-12.92
MG;Alvarenga;4444;3975;-469;-10.55
PI;Campinas do Piauí;5408;4938;-470;-8.69
MG;Guaraciaba;10223;9753;-470;-4.6
PR;Diamante D'Oeste;5027;4557;-470;-9.35
PR;São José da Boa Vista;6511;6040;-471;-7.23
RJ;Vassouras;34447;33976;-471;-1.37
PB;Salgado de São Félix;11976;11505;-471;-3.93
MA;Cajapió;10593;10121;-472;-4.46
GO;Cachoeira Dourada;8254;7782;-472;-5.72
PI;Rio Grande do Piauí;6273;5801;-472;-7.52
CE;Mucambo;14138;13666;-472;-3.34
MT;Santo Afonso;2991;2519;-472;-15.78
PB;Taperoá;14543;14068;-475;-3.27
PI;Cristalândia do Piauí;7831;7356;-475;-6.07
SP;Avaí;4959;4483;-476;-9.6
MG;Barra Longa;6143;5666;-477;-7.76
PE;Moreilândia;11017;10540;-477;-4.33
BA;Ibiassucê;10908;10429;-479;-4.39
MT;Nortelândia;6436;5956;-480;-7.46
GO;Hidrolina;4025;3545;-480;-11.93
PI;Palmeirais;13745;13264;-481;-3.5
RS;Putinga;4229;3747;-482;-11.4
ES;Ponto Belo;6979;6497;-482;-6.91
MG;Periquito;7036;6553;-483;-6.86
CE;Pereiro;15757;15274;-483;-3.07
RS;Campo Novo;5459;4975;-484;-8.87
GO;Santa Rita do Novo Destino;3173;2689;-484;-15.25
MG;Santa Cruz de Salinas;4397;3910;-487;-11.08
RS;Jaquirana;4177;3690;-487;-11.66
RN;Pilões;3453;2965;-488;-14.13
SC;Xavantina;4142;3653;-489;-11.81
MG;Machacalis;6976;6487;-489;-7.01
MG;Sardoá;5594;5104;-490;-8.76
PB;Coremas;15174;14683;-491;-3.24
PR;Foz do Jordão;5420;4926;-494;-9.11
CE;Reriutaba;19103;18606;-497;-2.6
SP;Pindorama;15039;14542;-497;-3.3
RS;Pirapó;2757;2260;-497;-18.03
PI;Santa Rosa do Piauí;5149;4650;-499;-9.69
MG;Laranjal;6465;5963;-502;-7.76
TO;Barrolândia;5349;4846;-503;-9.4
MT;Araputanga;15290;14786;-504;-3.3
BA;Várzea do Poço;8606;8101;-505;-5.87
RS;Cruzaltense;2141;1635;-506;-23.63
PI;Canavieira;3921;3414;-507;-12.93
PR;São Jerônimo da Serra;11337;10830;-507;-4.47
MG;Divinolândia de Minas;7024;6516;-508;-7.23
PI;Jaicós;18035;17527;-508;-2.82
SP;Guzolândia;4754;4246;-508;-10.69
MA;Humberto de Campos;26189;25680;-509;-1.94
SE;Malhador;12042;11533;-509;-4.23
PR;Mamborê;13961;13452;-509;-3.65
BA;Castro Alves;25222;24712;-510;-2.02
SP;Auriflama;14202;13692;-510;-3.59
BA;Firmino Alves;5384;4873;-511;-9.49
MG;Itacarambi;17720;17208;-512;-2.89
RJ;Cambuci;15128;14616;-512;-3.38
SP;Dourado;8609;8096;-513;-5.96
MG;Ibiracatu;5594;5081;-513;-9.17
BA;Pedrão;6749;6235;-514;-7.62
RN;Lajes;10381;9866;-515;-4.96
RS;São Paulo das Missões;6364;5846;-518;-8.14
BA;Condeúba;17571;17053;-518;-2.95
PE;Poção;11019;10500;-519;-4.71
BA;Bom Jesus da Serra;10249;9730;-519;-5.06
BA;Ribeirão do Largo;10260;9740;-520;-5.07
MT;Terra Nova do Norte;11136;10616;-520;-4.67
GO;Vila Boa;4735;4215;-520;-10.98
MG;Santo Hipólito;3238;2717;-521;-16.09
PI;Alagoinha do Piauí;7341;6819;-522;-7.11
RS;Lavras do Sul;7679;7157;-522;-6.8
SC;Tangará;8665;8143;-522;-6.02
PR;Abatiá;7764;7241;-523;-6.74
SC;Porto União;33493;32970;-523;-1.56
PB;Santa Cruz;6471;5947;-524;-8.1
SC;Bom Retiro;8942;8418;-524;-5.86
TO;Aliança do Tocantins;5671;5147;-524;-9.24
RN;João Dias;2601;2076;-525;-20.18
TO;São Salvador do Tocantins;2910;2385;-525;-18.04
MT;Rio Branco;5060;4535;-525;-10.38
RS;Barracão;5357;4831;-526;-9.82
RS;Rondinha;5518;4991;-527;-9.55
MG;Capetinga;7089;6562;-527;-7.43
MG;Santa Maria do Salto;5284;4755;-529;-10.01
MG;Paulistas;4918;4389;-529;-10.76
RS;Miraguaí;4957;4427;-530;-10.69
SP;Getulina;10765;10232;-533;-4.95
BA;Teofilândia;21710;21176;-534;-2.46
PA;Brejo Grande do Araguaia;7317;6783;-534;-7.3
PE;Solidão;5744;5210;-534;-9.3
RS;Ajuricaba;7255;6720;-535;-7.37
RN;Coronel João Pessoa;4772;4237;-535;-11.21
PB;Caiçara;7139;6602;-537;-7.52
MA;São José dos Basílios;7496;6957;-539;-7.19
MG;Itaú de Minas;14945;14406;-539;-3.61
PR;Pérola d'Oeste;6761;6221;-540;-7.99
RN;Luís Gomes;9610;9070;-540;-5.62
AL;Belo Monte;6476;5936;-540;-8.34
MG;Santana da Vargem;7231;6691;-540;-7.47
BA;Candiba;13557;13016;-541;-3.99
BA;Itapé;10883;10341;-542;-4.98
RS;Viadutos;5311;4769;-542;-10.21
MG;Pavão;8589;8047;-542;-6.31
GO;Itaguaru;5446;4904;-542;-9.95
SP;Promissão;35674;35131;-543;-1.52
TO;Pau D'Arco;4588;4043;-545;-11.88
ES;Itaguaçu;14134;13589;-545;-3.86
RS;Garruchos;3234;2688;-546;-16.88
PB;Boa Ventura;5756;5207;-549;-9.54
PR;Nova Tebas;7398;6848;-550;-7.43
BA;Apuarema;7463;6913;-550;-7.37
PR;Mato Rico;3818;3267;-551;-14.43
PB;Araçagi;17199;16646;-553;-3.22
PR;Porto Barreiro;3663;3110;-553;-15.1
BA;Mortugaba;11696;11143;-553;-4.73
RN;Ielmo Marinho;12171;11615;-556;-4.57
MG;Pescador;4128;3570;-558;-13.52
PB;Umbuzeiro;9682;9124;-558;-5.76
RS;Estrela Velha;3628;3070;-558;-15.38
SP;Itápolis;40051;39493;-558;-1.39
GO;Gouvelândia;4949;4390;-559;-11.3
GO;Portelândia;3839;3280;-559;-14.56
SE;Arauá;10878;10318;-560;-5.15
RS;Pontão;3857;3296;-561;-14.54
MG;Santa Efigênia de Minas;4600;4039;-561;-12.2
RS;Herval;6753;6191;-562;-8.32
PR;Bituruna;16096;15533;-563;-3.5
PR;São Sebastião da Amoreira;8626;8063;-563;-6.53
MA;Miranda do Norte;24427;23864;-563;-2.3
MG;Miravânia;4549;3985;-564;-12.4
SP;Riversul;6163;5599;-564;-9.15
RS;Camaquã;62764;62200;-564;-0.9
SC;São José do Cerrito;9273;8708;-565;-6.09
MG;Senador Modestino Gonçalves;4574;4008;-566;-12.37
PB;Bonito de Santa Fé;10818;10252;-566;-5.23
MG;Santa Rita de Caldas;9027;8460;-567;-6.28
BA;Morpará;8563;7996;-567;-6.62
MG;São Sebastião do Maranhão;10647;10079;-568;-5.33
SE;Porto da Folha;27146;26576;-570;-2.1
BA;Cotegipe;13636;13063;-573;-4.2
BA;Vereda;6576;6003;-573;-8.71
MG;Montezuma;7464;6888;-576;-7.72
MG;Mantena;27111;26535;-576;-2.12
MG;Rio do Prado;5217;4639;-578;-11.08
PE;São José do Egito;31582;31004;-578;-1.83
PE;Cabrobó;30873;30294;-579;-1.88
MG;Nova Belém;3732;3151;-581;-15.57
PR;Goioerê;29018;28437;-581;-2.0
RN;Umarizal;10659;10078;-581;-5.45
PE;Jaboatão dos Guararapes;644620;644037;-583;-0.09
MG;José Gonçalves de Minas;4553;3969;-584;-12.83
BA;Manoel Vitorino;14445;13860;-585;-4.05
GO;Rianápolis;4566;3980;-586;-12.83
MG;Braúnas;5030;4441;-589;-11.71
PA;Palestina do Pará;7475;6885;-590;-7.89
MG;União de Minas;4418;3828;-590;-13.35
SC;Rio Negrinho;39851;39261;-590;-1.48
BA;Serra Dourada;17656;17066;-590;-3.34
ES;Boa Esperança;14199;13608;-591;-4.16
TO;Aragominas;5882;5290;-592;-10.06
PB;Juru;9826;9234;-592;-6.02
SP;Vera Cruz;10769;10176;-593;-5.51
MG;Candeias;14595;14001;-594;-4.07
CE;Pacoti;11780;11186;-594;-5.04
RS;Cerrito;6402;5808;-594;-9.28
RS;Iraí;8078;7482;-596;-7.38
CE;Morada Nova;62041;61443;-598;-0.96
RN;Janduís;5345;4746;-599;-11.21
MT;Figueirópolis D'Oeste;3787;3187;-600;-15.84
GO;Amorinópolis;3608;3007;-601;-16.66
SP;Terra Roxa;8505;7904;-601;-7.07
MG;Central de Minas;6772;6171;-601;-8.87
PB;Aguiar;5604;5003;-601;-10.72
RS;Formigueiro;7014;6413;-601;-8.57
SE;Pacatuba;13105;12502;-603;-4.6
MG;Riacho dos Machados;9360;8756;-604;-6.45
SP;Nova Luzitânia;3441;2837;-604;-17.55
SP;Apiaí;25191;24585;-606;-2.41
PB;Solânea;27380;26774;-606;-2.21
MG;Estrela do Sul;7446;6840;-606;-8.14
SE;Riachuelo;9355;8748;-607;-6.49
GO;Bom Jardim de Goiás;8435;7826;-609;-7.22
MG;Liberdade;5346;4737;-609;-11.39
MG;Claro dos Poções;7775;7166;-609;-7.83
RS;São Nicolau;5727;5118;-609;-10.63
MT;Marcelândia;12006;11396;-610;-5.08
PE;Barreiros;40732;40121;-611;-1.5
MG;Paula Cândido;9271;8659;-612;-6.6
RS;Paim Filho;4243;3629;-614;-14.47
MT;Colniza;26381;25766;-615;-2.33
RS;Ipê;6018;5399;-619;-10.29
RS;Vicente Dutra;5285;4665;-620;-11.73
RS;Porto Xavier;10558;9938;-620;-5.87
AL;Olho d'Água Grande;4950;4330;-620;-12.53
MG;Fortaleza de Minas;4098;3477;-621;-15.15
BA;Ouriçangas;8340;7716;-624;-7.48
SE;Maruim;16343;15719;-624;-3.82
MG;Volta Grande;5070;4443;-627;-12.37
RS;Roque Gonzales;7203;6576;-627;-8.7
PR;Tuneiras do Oeste;8695;8067;-628;-7.22
BA;Cordeiros;8174;7546;-628;-7.68
MG;Palmópolis;6931;6301;-630;-9.09
MT;Poconé;31848;31217;-631;-1.98
SP;Gália;7011;6380;-631;-9.0
RO;Teixeirópolis;4888;4256;-632;-12.93
MG;Materlândia;4595;3963;-632;-13.75
PE;Barra de Guabiraba;12896;12263;-633;-4.91
TO;Presidente Kennedy;3681;3047;-634;-17.22
BA;Jucuruçu;10290;9655;-635;-6.17
MG;Capinópolis;15290;14655;-635;-4.15
SP;Cajobi;9768;9133;-635;-6.5
PR;Nova Cantu;7425;6790;-635;-8.55
MG;Carbonita;9148;8512;-636;-6.95
MG;Pocrane;8986;8350;-636;-7.08
BA;Esplanada;33191;32554;-637;-1.92
MA;Joselândia;15561;14924;-637;-4.09
BA;Sátiro Dias;16646;16008;-638;-3.83
TO;Piraquê;2920;2282;-638;-21.85
MG;Cristália;5760;5121;-639;-11.09
MG;Rio Espera;6070;5429;-641;-10.56
MG;Campanário;3564;2923;-641;-17.99
PR;Luiziana;7332;6690;-642;-8.76
RS;Alegria;4294;3651;-643;-14.97
MA;Lago Verde;15412;14769;-643;-4.17
PA;Abel Figueiredo;6780;6136;-644;-9.5
MG;Mato Verde;12684;12038;-646;-5.09
BA;Planaltino;8670;8022;-648;-7.47
RS;Ibarama;4380;3732;-648;-14.79
AC;Plácido de Castro;17209;16560;-649;-3.77
BA;Brejolândia;9757;9108;-649;-6.65
MG;Caxambu;21705;21056;-649;-2.99
RS;Arroio do Tigre;12708;12058;-650;-5.11
ES;Muqui;14396;13745;-651;-4.52
RS;Catuípe;9325;8674;-651;-6.98
MT;Lambari D'Oeste;5441;4790;-651;-11.96
RS;Cerro Branco;4454;3802;-652;-14.64
TO;Araguaçu;8786;8133;-653;-7.43
GO;Castelândia;3638;2985;-653;-17.95
SE;Japaratuba;16864;16209;-655;-3.88
PR;Quarto Centenário;4856;4201;-655;-13.49
PI;Canto do Buriti;20020;19365;-655;-3.27
GO;Goiás;24727;24071;-656;-2.65
PI;Nazaré do Piauí;7321;6665;-656;-8.96
MG;Coração de Jesus;26033;25377;-656;-2.52
PE;Frei Miguelinho;14293;13636;-657;-4.6
PA;Santa Maria das Barreiras;17206;16548;-658;-3.82
SP;Maracaí;13332;12673;-659;-4.94
PR;Janiópolis;6532;5870;-662;-10.13
MG;Itinga;14407;13745;-662;-4.59
TO;Aguiarnópolis;5162;4497;-665;-12.88
MT;Nova Brasilândia;4597;3932;-665;-14.47
RS;Gramado Xavier;3970;3304;-666;-16.78
RS;Pinhal Grande;4471;3805;-666;-14.9
MA;Aldeias Altas;23952;23286;-666;-2.78
SP;Boa Esperança do Sul;13645;12978;-667;-4.89
MG;Espinosa;31113;30443;-670;-2.15
AL;Senador Rui Palmeira;12974;12303;-671;-5.17
PB;Mulungu;9463;8791;-672;-7.1
BA;América Dourada;15810;15137;-673;-4.26
CE;Umari;7545;6871;-674;-8.93
MG;Verdelândia;8346;7672;-674;-8.08
PR;Cambará;23886;23212;-674;-2.82
SP;Rinópolis;9935;9259;-676;-6.8
MT;Carlinda;11011;10332;-679;-6.17
PE;Bodocó;35158;34478;-680;-1.93
SP;Palmeira d'Oeste;9584;8903;-681;-7.11
RS;Agudo;16722;16041;-681;-4.07
MG;Vargem Alegre;6461;5780;-681;-10.54
PI;Ribeiro Gonçalves;6845;6164;-681;-9.95
PR;Amaporã;5443;4762;-681;-12.51
SP;Tejupá;4809;4127;-682;-14.18
MA;Olho d'Água das Cunhãs;18601;17919;-682;-3.67
GO;Itajá;5062;4380;-682;-13.47
CE;Jaguaribe;34409;33726;-683;-1.98
PR;Ivaté;7514;6831;-683;-9.09
PI;Patos do Piauí;6110;5425;-685;-11.21
RO;Parecis;4810;4125;-685;-14.24
MT;São José do Povo;3561;2875;-686;-19.26
MG;Presidente Bernardes;5537;4850;-687;-12.41
PR;Três Barras do Paraná;11824;11135;-689;-5.83
PA;Nova Ipixuna;14645;13955;-690;-4.71
MG;Gonzaga;5921;5230;-691;-11.67
MG;Nova Porteirinha;7398;6706;-692;-9.35
MG;Sobrália;5830;5137;-693;-11.89
PR;Paranacity;10250;9557;-693;-6.76
MG;Frei Inocêncio;8920;8226;-694;-7.78
MG;Nacip Raydan;3154;2459;-695;-22.04
MG;Cuparaque;4680;3983;-697;-14.89
PB;Santana dos Garrotes;7266;6569;-697;-9.59
PE;Iguaracy;11779;11081;-698;-5.93
PB;Belém;17101;16401;-700;-4.09
RS;Guarani das Missões;8115;7415;-700;-8.63
SC;Santa Terezinha;8767;8066;-701;-8.0
CE;Assaré;22398;21697;-701;-3.13
GO;Santa Tereza de Goiás;3995;3293;-702;-17.57
CE;Jaguaretama;17934;17232;-702;-3.91
RS;Charrua;3471;2768;-703;-20.25
SP;Irapuru;7789;7085;-704;-9.04
MG;Botumirim;6497;5790;-707;-10.88
MG;Pedralva;11467;10760;-707;-6.17
PR;São Pedro do Iguaçu;6491;5784;-707;-10.89
GO;Petrolina de Goiás;10281;9573;-708;-6.89
MT;Barão de Melgaço;7961;7253;-708;-8.89
BA;São José da Vitória;6024;5315;-709;-11.77
PA;Santa Cruz do Arari;8155;7445;-710;-8.71
MT;Castanheira;8219;7506;-713;-8.68
RS;Tunas;4395;3681;-714;-16.25
RS;Encruzilhada do Sul;24534;23819;-715;-2.91
MG;Nepomuceno;25733;25018;-715;-2.78
PR;Altamira do Paraná;4306;3590;-716;-16.63
PB;São José de Espinharas;4800;4083;-717;-14.94
MG;Ataléia;14455;13736;-719;-4.97
TO;Araguanã;5030;4310;-720;-14.31
RS;Maximiliano de Almeida;4911;4191;-720;-14.66
BA;Jussiape;8099;7379;-720;-8.89
SP;Coronel Macedo;5001;4280;-721;-14.42
RS;Santa Bárbara do Sul;8843;8122;-721;-8.15
MA;Peritoró;21201;20479;-722;-3.41
MG;Carmo do Paranaíba;29735;29011;-724;-2.43
MG;Mendes Pimentel;6331;5606;-725;-11.45
TO;Lizarda;3725;2999;-726;-19.49
RS;Novo Machado;3925;3198;-727;-18.52
BA;Aramari;10561;9833;-728;-6.89
MG;Itanhomi;11856;11128;-728;-6.14
MG;Galiléia;6951;6222;-729;-10.49
BA;Itaguaçu da Bahia;13041;12311;-730;-5.6
PI;Francinópolis;5235;4505;-730;-13.94
PR;Andirá;20610;19878;-732;-3.55
CE;Apuiarés;13661;12928;-733;-5.37
AL;Girau do Ponciano;36837;36102;-735;-2.0
RN;Tangará;14016;13281;-735;-5.24
MG;Itacambira;4988;4252;-736;-14.76
PR;Teixeira Soares;10283;9547;-736;-7.16
CE;Choró;12853;12113;-740;-5.76
MG;Patis;5579;4837;-742;-13.3
AL;Jaramataia;5727;4985;-742;-12.96
MT;Nova Maringá;6590;5846;-744;-11.29
MG;Estrela do Indaiá;3516;2772;-744;-21.16
BA;Paratinga;29998;29252;-746;-2.49
PB;Borborema;4962;4214;-748;-15.07
MG;Salto da Divisa;6859;6110;-749;-10.92
PR;Primeiro de Maio;10832;10082;-750;-6.92
BA;Lajedo do Tabocal;8244;7494;-750;-9.1
RS;Sertão;6294;5541;-753;-11.96
PR;Reserva do Iguaçu;7307;6553;-754;-10.32
BA;Ibitiara;15392;14637;-755;-4.91
MG;Barão de Monte Alto;5720;4964;-756;-13.22
RS;Nova Palma;6342;5586;-756;-11.92
PR;Vera Cruz do Oeste;8973;8215;-758;-8.45
MG;Divino das Laranjeiras;4937;4178;-759;-15.37
RO;São Felipe D'Oeste;6018;5258;-760;-12.63
PR;Laranjal;6360;5600;-760;-11.95
GO;Simolândia;6507;5742;-765;-11.76
BA;Macururé;8021;7256;-765;-9.54
MG;Franciscópolis;5800;5034;-766;-13.21
MA;Marajá do Sena;7794;7027;-767;-9.84
BA;Cândido Sales;26015;25247;-768;-2.95
MG;Engenheiro Navarro;7122;6354;-768;-10.78
MG;Manhumirim;21382;20613;-769;-3.6
PE;Betânia;12003;11232;-771;-6.42
MG;Jampruca;5067;4296;-771;-15.22
RS;Ciríaco;4922;4149;-773;-15.7
MG;Padre Carvalho;5834;5058;-776;-13.3
SP;Monte Azul Paulista;18931;18151;-780;-4.12
MG;Guarará;3929;3149;-780;-19.85
SP;São José da Bela Vista;8406;7626;-780;-9.28
RS;Rio dos Índios;3616;2835;-781;-21.6
MG;Crisólita;6047;5265;-782;-12.93
BA;Acajutiba;14577;13795;-782;-5.36
AM;Rio Preto da Eva;25719;24936;-783;-3.04
PI;Fronteiras;11042;10259;-783;-7.09
CE;Coreaú;21738;20953;-785;-3.61
RS;São Pedro do Sul;16368;15577;-791;-4.83
CE;Aratuba;12016;11224;-792;-6.59
SP;Santos;419400;418608;-792;-0.19
MA;Central do Maranhão;7887;7094;-793;-10.05
TO;Filadélfia;8505;7712;-793;-9.32
BA;Palmas de Monte Alto;20872;20078;-794;-3.8
PE;Casinhas;13766;12967;-799;-5.8
PR;Antonina;18891;18091;-800;-4.23
MA;Cidelândia;13681;12878;-803;-5.87
PR;Cerro Azul;16938;16134;-804;-4.75
MG;São João do Oriente;7874;7070;-804;-10.21
BA;Teodoro Sampaio;7914;7110;-804;-10.16
BA;Itagimirim;7154;6347;-807;-11.28
RN;Venha-Ver;3821;3014;-807;-21.12
SP;Mineiros do Tietê;12038;11230;-808;-6.71
PB;Nova Floresta;10533;9724;-809;-7.68
BA;Oliveira dos Brejinhos;21524;20715;-809;-3.76
MT;Novo Mundo;7332;6520;-812;-11.07
BA;Macajuba;11268;10454;-814;-7.22
RS;Marcelino Ramos;5134;4320;-814;-15.86
SC;Romelândia;5637;4823;-814;-14.44
SP;Campos do Jordão;47789;46974;-815;-1.71
RO;Alto Paraíso;17135;16320;-815;-4.76
BA;Barra do Rocha;6591;5775;-816;-12.38
RS;Paraíso do Sul;7336;6519;-817;-11.14
BA;Cravolândia;5233;4415;-818;-15.63
BA;São Miguel das Matas;11155;10334;-821;-7.36
BA;Planalto;24156;23334;-822;-3.4
RS;Progresso;6163;5340;-823;-13.35
MT;Porto Esperidião;11031;10204;-827;-7.5
GO;Itauçu;8563;7736;-827;-9.66
MG;Canápolis;11436;10608;-828;-7.24
MG;Bom Jesus do Galho;15364;14536;-828;-5.39
RN;Santana do Matos;13284;12456;-828;-6.23
MG;Rio Pardo de Minas;29099;28271;-828;-2.85
PE;São Benedito do Sul;13941;13113;-828;-5.94
TO;Dois Irmãos do Tocantins;7161;6327;-834;-11.65
PA;São João da Ponta;5265;4430;-835;-15.86
CE;Madalena;17731;16896;-835;-4.71
RS;General Câmara;8447;7612;-835;-9.89
MA;Lago do Junco;10343;9506;-837;-8.09
RJ;Engenheiro Paulo de Frontin;13080;12242;-838;-6.41
MG;Palma;6545;5707;-838;-12.8
BA;Rio do Pires;11336;10497;-839;-7.4
MS;Anaurilândia;8493;7653;-840;-9.89
BA;Matina;11171;10330;-841;-7.53
ES;Mantenópolis;13612;12770;-842;-6.19
RS;Doutor Maurício Cardoso;5313;4470;-843;-15.87
PE;Santa Terezinha;11089;10244;-845;-7.62
BA;Irajuba;6946;6101;-845;-12.17
BA;Morro do Chapéu;34441;33594;-847;-2.46
MA;Amarante do Maranhão;37932;37085;-847;-2.23
PR;Guaraniaçu;14582;13735;-847;-5.81
AL;Paulo Jacinto;7426;6576;-850;-11.45
PR;Itambaracá;6759;5908;-851;-12.59
CE;Aurora;24566;23714;-852;-3.47
SP;Barra do Turvo;7729;6876;-853;-11.04
RN;São Tomé;10827;9972;-855;-7.9
TO;Itaguatins;6029;5172;-857;-14.21
PR;São João do Ivaí;11525;10667;-858;-7.44
PB;Cacimba de Dentro;16923;16064;-859;-5.08
BA;Cabaceiras do Paraguaçu;17420;16559;-861;-4.94
MG;Coluna;9024;8163;-861;-9.54
TO;Cristalândia;7234;6371;-863;-11.93
PA;Nova Timboteua;13670;12806;-864;-6.32
BA;Capela do Alto Alegre;11609;10744;-865;-7.45
SP;Pereira Barreto;24962;24095;-867;-3.47
TO;Palmeiras do Tocantins;5740;4872;-868;-15.12
MG;Medina;21026;20156;-870;-4.14
PB;Olho d'Água;6931;6060;-871;-12.57
PE;Bom Jardim;38500;37629;-871;-2.26
BA;Nilo Peçanha;12935;12063;-872;-6.74
SP;Nhandeara;10725;9852;-873;-8.14
PB;Belém do Brejo do Cruz;7143;6268;-875;-12.25
PR;Braganey;5735;4854;-881;-15.36
BA;Heliópolis;13192;12309;-883;-6.69
BA;Taperoá;18928;18044;-884;-4.67
PA;Quatipuru;12411;11524;-887;-7.15
CE;Itapiúna;18732;17841;-891;-4.76
RS;Lagoão;6233;5341;-892;-14.31
PE;Jurema;14541;13648;-893;-6.14
RS;Taquari;26092;25198;-894;-3.43
BA;Banzaê;12854;11958;-896;-6.97
RS;Jaguari;11475;10579;-896;-7.81
MA;Vila Nova dos Martírios;11258;10362;-896;-7.96
CE;Araripe;20679;19783;-896;-4.33
SE;Boquim;25533;24636;-897;-3.51
SP;Barra Bonita;35246;34346;-900;-2.55
SP;São Simão;14346;13442;-904;-6.3
PI;Elesbão Veloso;14512;13607;-905;-6.24
BA;Urandi;16260;15355;-905;-5.57
PI;São Francisco do Piauí;6298;5392;-906;-14.39
MA;São João do Paraíso;10814;9904;-910;-8.42
RS;Alpestre;8027;7117;-910;-11.34
RS;Santo Antônio das Missões;11210;10300;-910;-8.12
PR;Bandeirantes;32184;31273;-911;-2.83
MG;Lagoa dos Patos;4225;3313;-912;-21.59
RS;Arroio Grande;18470;17558;-912;-4.94
BA;Mirangaba;16649;15734;-915;-5.5
BA;Aporá;16838;15922;-916;-5.44
MG;Coronel Murta;9117;8200;-917;-10.06
SP;Tapiratiba;12737;11816;-921;-7.23
PR;Nova Fátima;8147;7225;-922;-11.32
RS;Alecrim;7045;6123;-922;-13.09
BA;Iramaia;11675;10752;-923;-7.91
SP;Severínia;15501;14576;-925;-5.97
MG;Manga;19813;18886;-927;-4.68
SP;Guapiara;17998;17071;-927;-5.15
MG;Tombos;9537;8609;-928;-9.73
RN;Pedro Avelino;7171;6242;-929;-12.95
MG;Guiricema;8707;7778;-929;-10.67
MG;Josenópolis;4566;3630;-936;-20.5
GO;Doverlândia;7892;6956;-936;-11.86
BA;Itaparica;20725;19789;-936;-4.52
PR;Goioxim;7503;6566;-937;-12.49
PA;Conceição do Araguaia;45557;44617;-940;-2.06
SP;Gastão Vidigal;4193;3252;-941;-22.44
SP;Ariranha;8547;7602;-945;-11.06
MG;Gurinhatã;6137;5192;-945;-15.4
PB;São José de Princesa;4364;3416;-948;-21.72
SP;Barbosa;6593;5640;-953;-14.45
AL;Maravilha;10490;9534;-956;-9.11
RN;Patu;11964;11007;-957;-8.0
AL;Passo de Camaragibe;14763;13804;-959;-6.5
PB;Imaculada;11352;10392;-960;-8.46
MA;Altamira do Maranhão;7407;6447;-960;-12.96
RO;Cabixi;6313;5351;-962;-15.24
RS;Itatiba do Sul;4171;3208;-963;-23.09
BA;Malhada;16361;15398;-963;-5.89
MG;Guarani;8678;7714;-964;-11.11
MG;Cipotânea;6547;5581;-966;-14.75
MG;Barbacena;126284;125317;-967;-0.77
TO;Xambioá;11484;10517;-967;-8.42
MG;Setubinha;10885;9917;-968;-8.89
BA;Pindaí;15700;14731;-969;-6.17
MG;Lagamar;7600;6631;-969;-12.75
SP;Tambaú;22406;21435;-971;-4.33
RS;Restinga Sêca;15911;14939;-972;-6.11
PE;Belém de Maria;11353;10378;-975;-8.59
PE;Sertânia;33787;32811;-976;-2.89
MT;Juruena;11190;10213;-977;-8.73
MG;Santana de Pirapama;8009;7030;-979;-12.22
AL;Branquinha;10583;9603;-980;-9.26
CE;Ibaretama;12939;11956;-983;-7.6
MG;Indaiabira;7330;6346;-984;-13.42
PR;Grandes Rios;6625;5641;-984;-14.85
BA;Amélia Rodrigues;25125;24138;-987;-3.93
PB;Pirpirituba;10327;9340;-987;-9.56
BA;Iaçu;25595;24607;-988;-3.86
MG;Ibiá;23218;22229;-989;-4.26
RO;Cujubim;15854;14863;-991;-6.25
ES;Conceição da Barra;28449;27458;-991;-3.48
SP;Guaraçaí;8435;7441;-994;-11.78
RS;Bossoroca;6884;5890;-994;-14.44
RS;Liberato Salzano;5780;4781;-999;-17.28
GO;Santa Rita do Araguaia;6924;5924;-1000;-14.44
PI;Massapê do Piauí;6222;5218;-1004;-16.14
MG;Machado;38688;37684;-1004;-2.6
MG;Rio Vermelho;13645;12641;-1004;-7.36
SP;Garça;43115;42110;-1005;-2.33
PA;Bonito;13630;12622;-1008;-7.4
SP;Miguelópolis;20451;19441;-1010;-4.94
BA;Presidente Jânio Quadros;13635;12621;-1014;-7.44
PR;Honório Serpa;5955;4941;-1014;-17.03
PA;Ponta de Pedras;25999;24984;-1015;-3.9
GO;Campos Verdes;5020;4005;-1015;-20.22
MG;Jenipapo de Minas;7116;6100;-1016;-14.28
BA;Mascote;14562;13544;-1018;-6.99
TO;Monte do Carmo;6716;5694;-1022;-15.22
MG;Mesquita;6069;5040;-1029;-16.96
GO;Monte Alegre de Goiás;7730;6692;-1038;-13.43
BA;Ubaíra;19664;18626;-1038;-5.28
BA;Barro Preto;6873;5833;-1040;-15.13
TO;Taguatinga;15051;14011;-1040;-6.91
CE;Hidrolândia;18896;17855;-1041;-5.51
RS;Segredo;7050;6009;-1041;-14.77
RS;Amaral Ferrador;6353;5310;-1043;-16.42
PR;Querência do Norte;11729;10685;-1044;-8.9
BA;Jandaíra;10331;9285;-1046;-10.12
RO;Costa Marques;13678;12627;-1051;-7.68
MG;Joaíma;14941;13888;-1053;-7.05
AL;Major Isidoro;18753;17700;-1053;-5.62
SP;São Manuel;38342;37289;-1053;-2.75
RS;Porto Lucena;5413;4360;-1053;-19.45
MA;Jatobá;8526;7471;-1055;-12.37
SP;Conchas;16288;15232;-1056;-6.48
BA;Itambé;25450;24394;-1056;-4.15
MG;Carangola;32296;31240;-1056;-3.27
PB;São José de Caiana;6094;5034;-1060;-17.39
RS;Giruá;17075;16013;-1062;-6.22
BA;Candeal;8837;7772;-1065;-12.05
MG;São Francisco;53828;52762;-1066;-1.98
PR;Uraí;11472;10406;-1066;-9.29
TO;Peixe;10384;9317;-1067;-10.28
MS;Iguatemi;14875;13808;-1067;-7.17
SP;Santa Cruz das Palmeiras;29932;28864;-1068;-3.57
CE;Tarrafas;8597;7529;-1068;-12.42
MA;Campestre do Maranhão;13369;12301;-1068;-7.99
MG;Matias Cardoso;9964;8895;-1069;-10.73
PE;Orobó;22878;21808;-1070;-4.68
SE;Riachão do Dantas;19386;18313;-1073;-5.53
SC;Fraiburgo;34556;33481;-1075;-3.11
RS;Erval Seco;7863;6787;-1076;-13.68
CE;Ipueiras;37876;36798;-1078;-2.85
MS;Nioaque;14304;13220;-1084;-7.58
BA;Sebastião Laranjeiras;10444;9360;-1084;-10.38
CE;Senador Pompeu;25350;24266;-1084;-4.28
MG;São Geraldo da Piedade;4389;3305;-1084;-24.7
MS;Pedro Gomes;8026;6941;-1085;-13.52
BA;Almadina;6304;5218;-1086;-17.23
TO;Almas;7586;6499;-1087;-14.33
AL;Dois Riachos;10894;9805;-1089;-10.0
RS;Cerro Grande do Sul;10268;9178;-1090;-10.62
MA;Bequimão;20674;19584;-1090;-5.27
MG;Jacinto;12134;11042;-1092;-9.0
MA;Santana do Maranhão;11661;10567;-1094;-9.38
MA;Cururupu;32652;31558;-1094;-3.35
CE;Alto Santo;15250;14155;-1095;-7.18
MG;Joanésia;5425;4329;-1096;-20.2
SP;Santa Lúcia;8248;7149;-1099;-13.32
MA;Rosário;39576;38475;-1101;-2.78
AL;Campo Grande;9244;8143;-1101;-11.91
MG;Virgolândia;5658;4552;-1106;-19.55
RS;São Jerônimo;22134;21028;-1106;-5.0
PB;Areia;23742;22633;-1109;-4.67
SP;Jacupiranga;17208;16097;-1111;-6.46
RS;Palmeira das Missões;34328;33216;-1112;-3.24
MA;Alto Alegre do Maranhão;25164;24048;-1116;-4.43
BA;Igrapiúna;14270;13151;-1119;-7.84
MG;Cordisburgo;8667;7547;-1120;-12.92
RS;São Lourenço do Sul;43111;41989;-1122;-2.6
MG;Grão Mogol;15024;13901;-1123;-7.47
SP;Ituverava;38695;37571;-1124;-2.9
RS;Barão do Triunfo;7018;5889;-1129;-16.09
BA;Paripiranga;27740;26604;-1136;-4.1
AP;Vitória do Jari;12428;11291;-1137;-9.15
RO;Cerejeiras;17029;15890;-1139;-6.69
BA;Itamari;8190;7051;-1139;-13.91
BA;Santa Maria da Vitória;39743;38604;-1139;-2.87
SP;Mirante do Paranapanema;17059;15917;-1142;-6.69
MG;Buenópolis;10292;9150;-1142;-11.1
PR;Sengés;18414;17270;-1144;-6.21
MG;Riachinho;8007;6863;-1144;-14.29
RJ;São Sebastião do Alto;8895;7750;-1145;-12.87
SP;Ribeirão Bonito;12135;10989;-1146;-9.44
RS;Jóia;8331;7184;-1147;-13.77
BA;Mutuípe;21184;20037;-1147;-5.41
MG;Dores do Indaiá;13778;12630;-1148;-8.33
MT;São José dos Quatro Marcos;18998;17849;-1149;-6.05
RN;Pendências;13432;12278;-1154;-8.59
SP;Paraguaçu Paulista;42278;41120;-1158;-2.74
CE;Tamboril;25974;24815;-1159;-4.46
RS;Passa Sete;5143;3983;-1160;-22.55
GO;Firminópolis;11582;10419;-1163;-10.04
MT;Nova Olímpia;17515;16352;-1163;-6.64
BA;Rio do Antônio;14312;13146;-1166;-8.15
RS;Fontoura Xavier;10719;9550;-1169;-10.91
BA;Arataca;11361;10191;-1170;-10.3
BA;Pindobaçu;20257;19083;-1174;-5.8
RS;Caçapava do Sul;33690;32515;-1175;-3.49
RS;Vale do Sol;11077;9897;-1180;-10.65
SP;Morro Agudo;29116;27933;-1183;-4.06
BA;Marcionílio Souza;10451;9267;-1184;-11.33
SP;Paulo de Faria;8589;7400;-1189;-13.84
MG;São Pedro dos Ferros;8356;7166;-1190;-14.24
MT;Guarantã do Norte;32216;31024;-1192;-3.7
TO;Arapoema;6742;5550;-1192;-17.68
PE;Iati;18360;17165;-1195;-6.51
BA;São Sebastião do Passé;42153;40958;-1195;-2.83
BA;Tapiramutá;17016;15818;-1198;-7.04
RS;Crissiumal;14084;12886;-1198;-8.51
SP;Caconde;18301;17101;-1200;-6.56
AL;Igaci;25197;23995;-1202;-4.77
MG;Iguatama;8029;6826;-1203;-14.98
PE;Bom Conselho;45503;44294;-1209;-2.66
MA;São Francisco do Brejão;10261;9051;-1210;-11.79
ES;Alegre;30392;29177;-1215;-4.0
GO;Maurilândia;11521;10304;-1217;-10.56
RS;Santana da Boa Vista;8242;7024;-1218;-14.78
ES;Ecoporanga;23212;21992;-1220;-5.26
RN;Nova Cruz;35490;34269;-1221;-3.44
RN;Areia Branca;25315;24093;-1222;-4.83
MG;Campos Altos;14206;12979;-1227;-8.64
MG;Ibiraci;12176;10948;-1228;-10.09
AL;Chã Preta;7138;5910;-1228;-17.2
AL;Poço das Trincheiras;13748;12518;-1230;-8.95
PA;Uruará;44789;43558;-1231;-2.75
RN;São José do Campestre;12356;11121;-1235;-10.0
PE;Capoeiras;19581;18338;-1243;-6.35
MG;Ferros;10837;9590;-1247;-11.51
RN;Canguaretama;30916;29668;-1248;-4.04
RJ;Mesquita;168376;167127;-1249;-0.74
BA;Itiúba;35121;33872;-1249;-3.56
SP;Guará;19858;18606;-1252;-6.3
PB;Barra de Santa Rosa;14157;12904;-1253;-8.85
PE;Jaqueira;11501;10247;-1254;-10.9
MA;Bacuri;17548;16290;-1258;-7.17
MG;Malacacheta;18776;17516;-1260;-6.71
PE;Cumaru;17183;15920;-1263;-7.35
RO;Corumbiara;8783;7519;-1264;-14.39
RS;Candelária;30171;28906;-1265;-4.19
PE;Santa Filomena;13371;12106;-1265;-9.46
MG;Alto Rio Doce;12159;10891;-1268;-10.43
CE;Umirim;18741;17470;-1271;-6.78
PR;Inácio Martins;10943;9670;-1273;-11.63
SE;Tomar do Geru;13287;12012;-1275;-9.6
MG;Miradouro;10251;8968;-1283;-12.52
SP;Palmares Paulista;10934;9650;-1284;-11.74
MG;Fruta de Leite;5940;4647;-1293;-21.77
RO;Nova União;7493;6200;-1293;-17.26
AL;Piaçabuçu;17203;15908;-1295;-7.53
PB;Itabaiana;24481;23182;-1299;-5.31
BA;Quijingue;26575;25272;-1303;-4.9
CE;Cariús;18320;17015;-1305;-7.12
BA;Itapebi;10482;9174;-1308;-12.48
PA;Bujaru;25695;24383;-1312;-5.11
MG;Campina Verde;19324;18011;-1313;-6.79
SP;Rincão;10414;9098;-1316;-12.64
PA;Novo Repartimento;62050;60732;-1318;-2.12
RS;Butiá;20406;19084;-1322;-6.48
RS;Jaguarão;27931;26603;-1328;-4.75
RS;Dom Feliciano;14380;13051;-1329;-9.24
RS;Tiradentes do Sul;6461;5129;-1332;-20.62
PA;São Geraldo do Araguaia;25587;24255;-1332;-5.21
PB;Natuba;10277;8945;-1332;-12.96
SP;Juquitiba;28737;27404;-1333;-4.64
MG;Açucena;10276;8943;-1333;-12.97
MG;Itaipé;11798;10463;-1335;-11.32
PA;Concórdia do Pará;28216;26881;-1335;-4.73
RO;Alto Alegre dos Parecis;12816;11479;-1337;-10.43
RN;Currais Novos;42652;41313;-1339;-3.14
BA;Itaju do Colônia;7376;6037;-1339;-18.15
BA;Mairi;19015;17674;-1341;-7.05
PE;Palmeirina;8373;7031;-1342;-16.03
CE;Campos Sales;26478;25135;-1343;-5.07
RS;Taquara;54590;53242;-1348;-2.47
RS;Júlio de Castilhos;19579;18226;-1353;-6.91
PB;Serraria;6238;4885;-1353;-21.69
BA;Itarantim;18412;17052;-1360;-7.39
BA;Nova Redenção;8898;7538;-1360;-15.28
MA;São Vicente Ferrer;20863;19498;-1365;-6.54
PR;Santa Mariana;12435;11066;-1369;-11.01
MA;Brejo de Areia;10590;9218;-1372;-12.96
PR;Coronel Domingos Soares;7022;5649;-1373;-19.55
TO;Dianópolis;19112;17739;-1373;-7.18
MA;São João Batista;19920;18544;-1376;-6.91
CE;Paramoti;11763;10384;-1379;-11.72
PR;Santa Maria do Oeste;11316;9934;-1382;-12.21
BA;Inhambupe;35176;33790;-1386;-3.94
CE;Farias Brito;19617;18217;-1400;-7.14
PE;Moreno;56696;55292;-1404;-2.48
PR;Cândido de Abreu;16655;15244;-1411;-8.47
MG;Rio Casca;14201;12789;-1412;-9.94
TO;Rio Sono;6254;4841;-1413;-22.59
MA;São Roberto;5957;4544;-1413;-23.72
RO;Jaru;52005;50591;-1414;-2.72
AL;Ibateguara;15149;13731;-1418;-9.36
MG;Conselheiro Pena;22242;20824;-1418;-6.38
AL;Viçosa;25514;24092;-1422;-5.57
RS;Boqueirão do Leão;7673;6247;-1426;-18.58
ES;Mimoso do Sul;25902;24475;-1427;-5.51
MG;São João da Ponte;25358;23930;-1428;-5.63
PR;Moreira Sales;12606;11175;-1431;-11.35
MT;Cláudia;11028;9593;-1435;-13.01
MG;Francisco Sá;24912;23476;-1436;-5.76
SE;Pedrinhas;8833;7396;-1437;-16.27
AL;Murici;26627;25187;-1440;-5.41
CE;Potengi;10273;8833;-1440;-14.02
MG;Santo Antônio do Jacinto;11775;10327;-1448;-12.3
PR;Engenheiro Beltrão;13906;12454;-1452;-10.44
MG;Carlos Chagas;20069;18615;-1454;-7.25
SP;Américo Brasiliense;34478;33019;-1459;-4.23
SP;Orlândia;39781;38319;-1462;-3.68
MG;Sabinópolis;15704;14240;-1464;-9.32
PA;Itupiranga;51220;49754;-1466;-2.86
RO;Santa Luzia D'Oeste;8886;7419;-1467;-16.51
MG;Serra dos Aimorés;8412;6944;-1468;-17.45
PE;Saloá;15309;13836;-1473;-9.62
PR;São Pedro do Ivaí;10167;8690;-1477;-14.53
BA;Ruy Barbosa;29768;28282;-1486;-4.99
BA;Dário Meira;12309;10820;-1489;-12.1
RS;Sinimbu;10068;8578;-1490;-14.8
GO;Paranaiguara;9100;7607;-1493;-16.41
MT;Vila Rica;21382;19888;-1494;-6.99
PB;Araruna;18683;17189;-1494;-8.0
MG;Campos Gerais;27600;26105;-1495;-5.42
MT;Denise;8513;7014;-1499;-17.61
BA;Água Fria;15997;14497;-1500;-9.38
MA;Timbiras;27997;26484;-1513;-5.4
MG;Padre Paraíso;18849;17334;-1515;-8.04
CE;Milagres;27418;25900;-1518;-5.54
MG;Jequitaí;8005;6484;-1521;-19.0
CE;São Luís do Curu;12347;10822;-1525;-12.35
AL;São Luís do Quitunde;32412;30873;-1539;-4.75
BA;Abaíra;8841;7301;-1540;-17.42
CE;Independência;25573;24024;-1549;-6.06
MG;Ibiaí;7839;6286;-1553;-19.81
PR;Tamarana;12262;10707;-1555;-12.68
RN;Poço Branco;13949;12390;-1559;-11.18
RN;Caicó;62709;61146;-1563;-2.49
BA;Guajeru;9614;8050;-1564;-16.27
RS;Pinheiro Machado;12780;11214;-1566;-12.25
SP;Eldorado;14641;13069;-1572;-10.74
MS;Bela Vista;23192;21613;-1579;-6.81
RN;Macau;28954;27369;-1585;-5.47
RO;Cacaulândia;5736;4150;-1586;-27.65
PE;Lagoa dos Gatos;15665;14076;-1589;-10.14
SP;Palmital;21186;19594;-1592;-7.51
RO;Vale do Anari;9384;7788;-1596;-17.01
MG;Inhapim;24294;22692;-1602;-6.59
RS;Coronel Bicaco;7748;6144;-1604;-20.7
MG;Santa Maria do Suaçuí;14395;12788;-1607;-11.16
GO;São Domingos;11325;9711;-1614;-14.25
SP;Piquete;14107;12490;-1617;-11.46
BA;Ibicuí;15552;13934;-1618;-10.4
SP;Pitangueiras;35307;33674;-1633;-4.63
PA;Trairão;16875;15242;-1633;-9.68
RS;São Francisco de Assis;19254;17618;-1636;-8.5
AL;Porto Calvo;25708;24071;-1637;-6.37
MG;Comercinho;8298;6660;-1638;-19.74
CE;Itapajé;48070;46426;-1644;-3.42
AL;Jacuípe;6997;5352;-1645;-23.51
SP;Santa Rita do Passa Quatro;26478;24833;-1645;-6.21
BA;Boa Nova;15341;13690;-1651;-10.76
AL;Novo Lino;11673;10020;-1653;-14.16
PE;Lagoa de Itaenga;20659;19003;-1656;-8.02
AL;Coruripe;52072;50414;-1658;-3.18
SP;São Sebastião da Grama;12099;10441;-1658;-13.7
BA;Pau Brasil;11028;9370;-1658;-15.03
BA;Adustina;15861;14201;-1660;-10.47
SP;Euclides da Cunha Paulista;9585;7924;-1661;-17.33
PE;Altinho;22337;20674;-1663;-7.45
MG;Monte Azul;21994;20328;-1666;-7.57
MA;Itapecuru Mirim;62110;60440;-1670;-2.69
PE;Aliança;37415;35741;-1674;-4.47
BA;Nova Soure;25911;24236;-1675;-6.46
RS;Salto do Jacuí;11880;10203;-1677;-14.12
MA;Presidente Médici;6374;4696;-1678;-26.33
BA;Entre Rios;39776;38098;-1678;-4.22
MA;Lago da Pedra;46083;44403;-1680;-3.65
BA;Belmonte;21804;20121;-1683;-7.72
AL;Igreja Nova;23074;21372;-1702;-7.38
CE;Orós;21389;19675;-1714;-8.01
MG;Araçuaí;36013;34297;-1716;-4.76
PR;Cornélio Procópio;46928;45206;-1722;-3.67
MA;Pedreiras;38777;37050;-1727;-4.45
SP;Taquaritinga;53988;52260;-1728;-3.2
BA;Itaeté;15200;13472;-1728;-11.37
ES;João Neiva;15809;14079;-1730;-10.94
RO;Vale do Paraíso;8210;6479;-1731;-21.08
GO;Anicuns;20242;18503;-1739;-8.59
SP;Igarapava;27952;26212;-1740;-6.22
MT;Barra do Bugres;31146;29403;-1743;-5.6
CE;Pedra Branca;41933;40187;-1746;-4.16
CE;Palmácia;11994;10242;-1752;-14.61
BA;Boa Vista do Tupim;18630;16873;-1757;-9.43
BA;Tremedal;18055;16296;-1759;-9.74
MG;Itambacuri;22809;21042;-1767;-7.75
BA;Brejões;14711;12943;-1768;-12.02
BA;Utinga;18049;16277;-1772;-9.82
PR;Altônia;20516;18742;-1774;-8.65
BA;Ipecaetá;15487;13709;-1778;-11.48
AL;Canapi;17338;15559;-1779;-10.26
BA;Itiruçu;12785;10999;-1786;-13.97
MA;Guimarães;12081;10290;-1791;-14.82
MG;Montalvânia;15862;14060;-1802;-11.36
SP;Presidente Epitácio;41318;39505;-1813;-4.39
MG;Virgem da Lapa;13619;11804;-1815;-13.33
PE;Flores;22169;20347;-1822;-8.22
MA;São Luís Gonzaga do Maranhão;19645;17818;-1827;-9.3
MA;Paraibano;20103;18274;-1829;-9.1
PR;Palmital;14865;13033;-1832;-12.32
SE;Propriá;28451;26618;-1833;-6.44
RS;Barros Cassal;11133;9296;-1837;-16.5
GO;Iaciara;12427;10584;-1843;-14.83
MG;Itaobim;21001;19151;-1850;-8.81
AL;Estrela de Alagoas;17287;15429;-1858;-10.75
PR;Barbosa Ferraz;12656;10795;-1861;-14.7
BA;Boquira;21184;19322;-1862;-8.79
MA;Buritirana;14784;12918;-1866;-12.62
AL;São José da Laje;22686;20813;-1873;-8.26
BA;Santa Cruz da Vitória;6557;4681;-1876;-28.61
AM;Borba;34961;33080;-1881;-5.38
MG;Dionísio;8739;6847;-1892;-21.65
BA;Saúde;12373;10478;-1895;-15.32
AL;Limoeiro de Anadia;26636;24740;-1896;-7.12
BA;Conceição do Almeida;17698;15794;-1904;-10.76
RS;Dom Pedrito;38898;36981;-1917;-4.93
RJ;Barra do Piraí;94808;92883;-1925;-2.03
MA;Cajari;18338;16412;-1926;-10.5
RS;Tapes;16629;14695;-1934;-11.63
CE;Saboeiro;15792;13854;-1938;-12.27
AM;Careiro;32734;30792;-1942;-5.93
RS;São Gabriel;60432;58487;-1945;-3.22
TO;Esperantina;9476;7530;-1946;-20.54
AL;Penedo;60596;58650;-1946;-3.21
PE;Belém do São Francisco;20253;18301;-1952;-9.64
MG;Caeté;40750;38776;-1974;-4.84
RS;São Borja;61671;59676;-1995;-3.23
AM;Maraã;17528;15529;-1999;-11.4
MG;Poté;15667;13666;-2001;-12.77
CE;Boa Viagem;52421;50411;-2010;-3.83
BA;Monte Santo;49793;47780;-2013;-4.04
PR;Cantagalo;12952;10933;-2019;-15.59
BA;Baixa Grande;20240;18220;-2020;-9.98
MA;Parnarama;33281;31250;-2031;-6.1
PE;Parnamirim;20646;18612;-2034;-9.85
PA;São Domingos do Araguaia;23130;21092;-2038;-8.81
SP;Miracatu;20592;18553;-2039;-9.9
CE;São João do Jaguaribe;7900;5855;-2045;-25.89
BA;Terra Nova;12851;10798;-2053;-15.98
MT;Alto Paraguai;10066;8009;-2057;-20.44
PR;Cruz Machado;18040;15978;-2062;-11.43
MG;Várzea da Palma;35809;33744;-2065;-5.77
BA;Itanhém;19884;17813;-2071;-10.42
MT;Rosário Oeste;17527;15453;-2074;-11.83
RJ;Angra dos Reis;169511;167434;-2077;-1.23
SP;Cruzeiro;77039;74961;-2078;-2.7
SE;Neópolis;18506;16426;-2080;-11.24
MT;Jauru;10448;8367;-2081;-19.92
SP;Espírito Santo do Pinhal;41907;39816;-2091;-4.99
SP;Juquiá;19246;17154;-2092;-10.87
MG;Rubelita;7772;5679;-2093;-26.93
BA;Miguel Calmon;26761;24661;-2100;-7.85
TO;Miracema do Tocantins;20684;18566;-2118;-10.24
CE;Aiuaba;16203;14076;-2127;-13.13
CE;Barro;21520;19381;-2139;-9.94
PE;Rio Formoso;22151;20009;-2142;-9.67
SP;Queluz;11309;9159;-2150;-19.01
MA;Coroatá;61725;59566;-2159;-3.5
PR;Clevelândia;17240;15070;-2170;-12.59
BA;Rio Real;37539;35362;-2177;-5.8
BA;Pojuca;34335;32136;-2199;-6.4
BA;Itajuípe;20981;18781;-2200;-10.49
MT;São José do Rio Claro;17124;14911;-2213;-12.92
PB;Tacima;10229;8010;-2219;-21.69
BA;Pedro Alexandre;16186;13954;-2232;-13.79
SP;Poá;106013;103765;-2248;-2.12
RO;Urupá;12974;10725;-2249;-17.33
SP;Rosana;19691;17440;-2251;-11.43
AL;Jequiá da Praia;11724;9470;-2254;-19.23
BA;Santo Amaro;58270;56012;-2258;-3.88
RO;Guajará-Mirim;41656;39387;-2269;-5.45
ES;Pedro Canário;23794;21522;-2272;-9.55
MA;Governador Nunes Freire;25401;23128;-2273;-8.95
RS;Tupanciretã;22281;20005;-2276;-10.21
RS;Guaíba;95204;92924;-2280;-2.39
PE;Machados;13627;11333;-2294;-16.83
PE;Cortês;12501;10198;-2303;-18.42
BA;Nova Canaã;16036;13715;-2321;-14.47
BA;Riacho de Santana;33033;30711;-2322;-7.03
AL;Capela;17367;15032;-2335;-13.45
RS;Piratini;19841;17504;-2337;-11.78
PE;João Alfredo;30069;27725;-2344;-7.8
PB;Alagoa Grande;28410;26062;-2348;-8.26
BA;Caetanos;13615;11266;-2349;-17.25
MA;Itinga do Maranhão;24863;22513;-2350;-9.45
BA;Aurelino Leal;13552;11179;-2373;-17.51
RS;Itaqui;38159;35768;-2391;-6.27
BA;Araci;50689;48294;-2395;-4.72
BA;Rafael Jambeiro;22062;19662;-2400;-10.88
PA;Maracanã;28376;25971;-2405;-8.48
MG;Cabo Verde;13823;11410;-2413;-17.46
AL;Traipu;25992;23565;-2427;-9.34
MS;Porto Murtinho;15290;12859;-2431;-15.9
SP;Aparecida;35007;32569;-2438;-6.96
BA;Valença;88100;85655;-2445;-2.78
BA;Itapetinga;68343;65897;-2446;-3.58
CE;Cedro;24792;22344;-2448;-9.87
MA;Bom Lugar;14666;12212;-2454;-16.73
PE;Joaquim Nabuco;15732;13269;-2463;-15.66
MG;Berilo;12300;9826;-2474;-20.11
PE;Xexéu;14093;11611;-2482;-17.61
RO;Governador Jorge Teixeira;10512;8001;-2511;-23.89
SP;Santo Anastácio;20475;17963;-2512;-12.27
AL;São Miguel dos Campos;54502;51990;-2512;-4.61
RS;Cacequi;13676;11157;-2519;-18.42
SP;São Vicente;332445;329911;-2534;-0.76
RO;Theobroma;10649;8113;-2536;-23.81
MA;Estreito;35835;33294;-2541;-7.09
RO;Monte Negro;14091;11548;-2543;-18.05
TO;Babaçulândia;10424;7880;-2544;-24.41
PR;Assaí;16354;13797;-2557;-15.64
PR;Porecatu;14189;11624;-2565;-18.08
RO;Novo Horizonte do Oeste;10240;7667;-2573;-25.13
RS;São Sepé;23798;21219;-2579;-10.84
CE;Santa Quitéria;42763;40183;-2580;-6.03
RS;Pelotas;328275;325685;-2590;-0.79
BA;Ibicaraí;24272;21665;-2607;-10.74
PR;General Carneiro;13669;11062;-2607;-19.07
MG;Ladainha;16994;14383;-2611;-15.36
BA;Cachoeira;31865;29250;-2615;-8.21
SP;Pontal;40244;37607;-2637;-6.55
RO;Mirante da Serra;11878;9235;-2643;-22.25
ES;Pancas;21548;18893;-2655;-12.32
MA;Peri Mirim;13787;11108;-2679;-19.43
PE;Sirinhaém;40296;37596;-2700;-6.7
AL;Flexeiras;12325;9618;-2707;-21.96
SP;Presidente Venceslau;37910;35201;-2709;-7.15
CE;Icó;65357;62642;-2715;-4.15
AL;Inhapi;17886;15167;-2719;-15.2
BA;Guaratinga;21808;19049;-2759;-12.65
PA;Aurora do Pará;26546;23774;-2772;-10.44
MA;Araguanã;13973;11181;-2792;-19.98
MG;Caraí;22343;19548;-2795;-12.51
BA;Gongogi;8360;5555;-2805;-33.55
MA;Penalva;35320;32511;-2809;-7.95
MA;Tuntum;39111;36251;-2860;-7.31
BA;Antas;17072;14206;-2866;-16.79
PE;Maraial;12230;9359;-2871;-23.48
MA;Poção de Pedras;20034;17161;-2873;-14.34
AL;Mata Grande;24719;21844;-2875;-11.63
BA;Catu;51028;48148;-2880;-5.64
MG;Francisco Badaró;10248;7366;-2882;-28.12
RO;Ouro Preto do Oeste;37928;35044;-2884;-7.6
RO;Alta Floresta D'Oeste;24392;21494;-2898;-11.88
SE;Laranjeiras;26902;23975;-2927;-10.88
RO;Colorado do Oeste;18591;15663;-2928;-15.75
MG;Água Boa;15521;12589;-2932;-18.89
MA;Monção;30685;27751;-2934;-9.56
MA;Centro Novo do Maranhão;19203;16267;-2936;-15.29
RS;Rio Pardo;37591;34654;-2937;-7.81
RO;Presidente Médici;22319;19327;-2992;-13.41
BA;Encruzilhada;22108;19107;-3001;-13.57
MT;Guiratinga;13970;10966;-3004;-21.5
MG;Buritizeiro;26922;23910;-3012;-11.19
AL;União dos Palmares;62326;59280;-3046;-4.89
PE;Panelas;26037;22991;-3046;-11.7
BA;Caatiba;9252;6205;-3047;-32.93
MA;Alcântara;21521;18467;-3054;-14.19
RS;Rosário do Sul;39700;36630;-3070;-7.73
BA;Ipirá;59970;56876;-3094;-5.16
AL;Teotônio Vilela;41152;38053;-3099;-7.53
BA;Ubaitaba;20711;17596;-3115;-15.04
SP;Guarujá;290752;287634;-3118;-1.07
BA;São Félix;14230;11026;-3204;-22.52
MA;Satubinha;11990;8784;-3206;-26.74
BA;Itororó;19914;16617;-3297;-16.56
PE;Sanharó;21955;18624;-3331;-15.17
AL;Anadia;17318;13966;-3352;-19.36
MA;São João do Carú;15668;12251;-3417;-21.81
BA;Umburanas;17089;13642;-3447;-20.17
MA;Araioses;42505;39052;-3453;-8.12
BA;Simões Filho;118047;114559;-3488;-2.95
SP;Itararé;47934;44438;-3496;-7.29
MG;Cataguases;69757;66261;-3496;-5.01
BA;Camamu;33972;30469;-3503;-10.31
BA;Buerarema;18377;14804;-3573;-19.44
RS;Canguçu;53259;49680;-3579;-6.72
CE;Caridade;19956;16377;-3579;-17.93
PE;Salgadinho;9312;5727;-3585;-38.5
PA;Eldorado do Carajás;31786;28192;-3594;-11.31
PE;Escada;63489;59891;-3598;-5.67
BA;Piripá;12757;9152;-3605;-28.26
BA;Coaraci;20964;17333;-3631;-17.32
MG;Além Paraíba;34349;30717;-3632;-10.57
AM;Nova Olinda do Norte;30696;27062;-3634;-11.84
PE;Amaraji;21890;18205;-3685;-16.83
BA;Macaúbas;45569;41859;-3710;-8.14
RJ;Valença;71822;68088;-3734;-5.2
RO;Alvorada D'Oeste;16853;13117;-3736;-22.17
MG;Novo Cruzeiro;30725;26975;-3750;-12.21
RS;Cachoeira do Sul;83827;80070;-3757;-4.48
ES;Cachoeiro de Itapemirim;189546;185786;-3760;-1.98
MA;Codó;118038;114275;-3763;-3.19
BA;Ipiaú;44485;40706;-3779;-8.49
MA;Magalhães de Almeida;17587;13807;-3780;-21.49
BA;Ilhéus;182438;178649;-3789;-2.08
PE;São Bento do Una;53242;49449;-3793;-7.12
RO;Campo Novo de Rondônia;12665;8844;-3821;-30.17
MG;Santos Dumont;46284;42406;-3878;-8.38
RO;Ministro Andreazza;10352;6466;-3886;-37.54
RS;Cruz Alta;62821;58913;-3908;-6.22
BA;Itamaraju;63513;59605;-3908;-6.15
MT;Cotriguaçu;14983;11011;-3972;-26.51
AM;Santa Isabel do Rio Negro;18146;14164;-3982;-21.94
GO;Minaçu;31150;27075;-4075;-13.08
AL;Cajueiro;20106;16024;-4082;-20.3
RO;Nova Brasilândia D'Oeste;19874;15679;-4195;-21.11
AL;Colônia Leopoldina;20019;15816;-4203;-21.0
AM;Careiro da Várzea;23930;19637;-4293;-17.94
BA;Olindina;26942;22633;-4309;-15.99
PA;Rurópolis;40087;35769;-4318;-10.77
PE;Vicência;30732;26359;-4373;-14.23
RO;Buritis;32383;27992;-4391;-13.56
BA;Iguaí;25928;21491;-4437;-17.11
BA;Novo Triunfo;15105;10660;-4445;-29.43
RS;Esteio;80755;76137;-4618;-5.72
CE;Mombaça;42375;37735;-4640;-10.95
BA;Piritiba;22237;17566;-4671;-21.01
AL;Boca da Mata;25916;21187;-4729;-18.25
BA;Ituberá;26691;21902;-4789;-17.94
MA;Nova Olinda do Maranhão;19134;14314;-4820;-25.19
AP;Laranjal do Jari;39942;35114;-4828;-12.09
MG;Chapada do Norte;15189;10337;-4852;-31.94
PE;Palmares;59526;54584;-4942;-8.3
BA;Jaguaquara;50907;45964;-4943;-9.71
BA;Una;23089;18131;-4958;-21.47
MA;Coelho Neto;46750;41658;-5092;-10.89
RS;Alegrete;77653;72409;-5244;-6.75
PA;Placas;23934;18668;-5266;-22.0
RS;Rio Grande;197228;191900;-5328;-2.7
MA;Alto Alegre do Pindaré;31052;25710;-5342;-17.2
AM;Coari;75965;70616;-5349;-7.04
PA;Ulianópolis;43341;37972;-5369;-12.39
AL;Joaquim Gomes;22575;17150;-5425;-24.03
AM;Parintins;102033;96372;-5661;-5.55
PE;Catende;37820;32156;-5664;-14.98
AM;Manaquiri;22801;17107;-5694;-24.97
MG;Nanuque;40834;35038;-5796;-14.19
RJ;Niterói;487562;481749;-5813;-1.19
PA;Tucuruí;97128;91306;-5822;-5.99
RJ;Paracambi;47281;41375;-5906;-12.49
MA;Bom Jardim;39049;33100;-5949;-15.23
MA;Arame;31471;25517;-5954;-18.92
MA;Vargem Grande;49412;43261;-6151;-12.45
SP;Cubatão;118720;112476;-6244;-5.26
PE;Quipapá;24186;17928;-6258;-25.87
CE;Acopiara;51271;44962;-6309;-12.31
MG;Minas Novas;30794;24405;-6389;-20.75
MG;Governador Valadares;263689;257171;-6518;-2.47
PE;Água Preta;33095;26461;-6634;-20.05
PA;Breu Branco;52493;45712;-6781;-12.92
BA;Maragogipe;42661;35859;-6802;-15.94
PA;Tailândia;79297;72493;-6804;-8.58
AL;Atalaia;44326;37512;-6814;-15.37
PA;Cachoeira do Piriá;26484;19630;-6854;-25.88
AM;Barcelos;25718;18834;-6884;-26.77
PA;Água Azul do Norte;25057;18080;-6977;-27.84
RJ;Barra Mansa;176947;169894;-7053;-3.99
BA;Mundo Novo;24368;17305;-7063;-28.98
GO;Niquelândia;42361;34964;-7397;-17.46
MS;Corumbá;103675;96268;-7407;-7.14
PA;Goianésia do Pará;33864;26362;-7502;-22.15
PE;Timbaúba;53825;46147;-7678;-14.26
MA;Zé Doca;48490;40801;-7689;-15.86
BA;Ubatã;24272;16094;-8178;-33.69
RS;Uruguaiana;125435;117210;-8225;-6.56
RS;Alvorada;195673;187315;-8358;-4.27
CE;Catarina;18705;10243;-8462;-45.24
BA;Camacan;31173;22579;-8594;-27.57
CE;Maranguape;114005;105093;-8912;-7.82
BA;Candeias;81634;72382;-9252;-11.33
PB;Bayeux;92350;82742;-9608;-10.4
PE;Gameleira;27912;18214;-9698;-34.74
MA;Buriticupu;65237;55499;-9738;-14.93
RJ;Nilópolis;157425;146774;-10651;-6.77
PE;Ribeirão;44497;33507;-10990;-24.7
RS;Novo Hamburgo;238940;227646;-11294;-4.73
MA;Santa Luzia;69184;57635;-11549;-16.69
MG;Ipatinga;239468;227731;-11737;-4.9
PA;Jacundá;51360;37707;-13653;-26.58
RS;Viamão;239384;224112;-15272;-6.38
RJ;Petrópolis;295774;278881;-16893;-5.71
PA;Ipixuna do Pará;47881;30329;-17552;-36.66
RJ;São João de Meriti;458673;440962;-17711;-3.86
BA;Itabuna;204478;186708;-17770;-8.69
AL;Campo Alegre;51121;32106;-19015;-37.2
PA;Santana do Araguaia;56153;32413;-23740;-42.28
PA;São Félix do Xingu;91340;65418;-25922;-28.38
PE;Olinda;377779;349976;-27803;-7.36
CE;Fortaleza;2459712;2428708;-31004;-1.26
RJ;Duque de Caxias;855088;808161;-46927;-5.49
PE;Recife;1537704;1488920;-48784;-3.17
RN;Natal;803739;751300;-52439;-6.52
MG;Belo Horizonte;2375609;2315560;-60049;-2.53
RS;Porto Alegre;1409351;1332845;-76506;-5.43
PA;Belém;1393399;1303403;-89996;-6.46
RJ;São Gonçalo;999728;896744;-102984;-10.3
RJ;Rio de Janeiro;6320446;6211223;-109223;-1.73
BA;Salvador;2675656;2417678;-257978;-9.64
